h(,0):,heur is GAPDB,mutation_rate:1.0000000,size=2000000,without disjoint patterns
h(,1):,heur is GAPDB,mutation_rate:0.4000000,size=2000000,with disjoint patterns
h(,2):,heur is GAPDB,mutation_rate:0.3000000,size=2000000,with disjoint patterns
h(,3):,lmcut
h(,4):,ipdb
h(,5):,heur is GAPDB,mutation_rate:0.2000000,size=2000000,without disjoint patterns
bc(1/0/0/0/0/0)cc=1.4123e+64
bc(0/1/0/0/0/0)cc=6.42601e+69
bc(1/1/0/0/0/0)cc=1.11596e+62
bc(0/0/1/0/0/0)cc=3.69336e+63
bc(1/0/1/0/0/0)cc=1.31517e+59
bc(0/1/1/0/0/0)cc=3.11416e+62
bc(1/1/1/0/0/0)cc=6.17437e+58
bc(0/0/0/0/1/0)cc=3.01486e+58
bc(1/0/0/0/1/0)cc=3.8158e+56
bc(0/1/0/0/1/0)cc=2.14589e+55
bc(1/1/0/0/1/0)cc=7.68572e+55
bc(0/0/1/0/1/0)cc=9.12273e+55
bc(1/0/1/0/1/0)cc=1.70681e+55
bc(0/1/1/0/1/0)cc=1.13058e+56
bc(1/1/1/0/1/0)cc=1.45621e+57
bc(0/1/0/1/1/0)cc=1.41448e+51
bc(1/1/0/1/1/0)cc=9.74543e+49
bc(0/1/1/1/1/0)cc=1.53916e+45
bc(1/1/1/1/1/0)cc=2.84964e+51
bc(0/0/0/0/0/1)cc=1.17698e+65
bc(1/0/0/0/0/1)cc=8.02732e+58
bc(0/1/0/0/0/1)cc=3.50669e+62
bc(1/1/0/0/0/1)cc=5.4925e+59
bc(0/0/1/0/0/1)cc=2.65468e+59
bc(1/0/1/0/0/1)cc=9.26356e+55
bc(0/1/1/0/0/1)cc=7.29297e+59
bc(1/1/1/0/0/1)cc=8.68745e+56
bc(0/0/0/0/1/1)cc=1.15088e+56
bc(1/0/0/0/1/1)cc=5.45416e+53
bc(0/1/0/0/1/1)cc=2.69243e+55
bc(1/1/0/0/1/1)cc=2.96939e+54
bc(0/0/1/0/1/1)cc=2.14182e+54
bc(1/0/1/0/1/1)cc=3.79356e+54
bc(0/1/1/0/1/1)cc=5.55377e+54
bc(1/1/1/0/1/1)cc=1.98869e+55
bc(0/0/0/1/1/1)cc=4.56407e+43
bc(1/0/0/1/1/1)cc=4.5155e+45
bc(0/1/0/1/1/1)cc=5.46352e+50
bc(1/1/0/1/1/1)cc=5.94449e+51
bc(0/0/1/1/1/1)cc=3.45736e+48
bc(1/0/1/1/1/1)cc=2.24634e+45
bc(0/1/1/1/1/1)cc=9.86079e+50
bc(1/1/1/1/1/1)cc=1.80279e+52
