h(,0):,heur is GAPDB,mutation_rate:1.0000000,size=2000000,without disjoint patterns
h(,1):,lmcut
h(,2):,ipdb
h(,3):,heur is GAPDB,mutation_rate:0.4000000,size=2000000,with disjoint patterns
h(,4):,heur is GAPDB,mutation_rate:0.9000000,size=2000000,with disjoint patterns
h(,5):,heur is GAPDB,mutation_rate:0.2000000,size=2000000,without disjoint patterns
h(,6):,heur is GAPDB,mutation_rate:0.7000000,size=2000000,without disjoint patterns
h(,7):,heur is GAPDB,mutation_rate:0.3000000,size=2000000,with disjoint patterns
bc(0/0/0/0/1/0/0/0)cc=5.27188e+17
bc(0/0/0/0/0/1/0/0)cc=1.50967e+17
bc(0/0/0/1/0/1/0/0)cc=4.87922e+17
bc(0/0/0/0/1/1/0/0)cc=3.49708e+14
bc(0/0/0/1/1/1/0/0)cc=7.42661e+16
bc(0/0/0/0/0/1/1/0)cc=2.66345e+14
bc(0/0/0/1/0/1/1/0)cc=6.72829e+15
bc(0/0/0/0/1/1/1/0)cc=5.6387e+15
bc(0/0/0/1/1/1/1/0)cc=1.16688e+16
bc(0/0/0/0/0/0/0/1)cc=2.4044e+16
bc(1/0/0/0/0/0/0/1)cc=7.69751e+15
bc(0/0/0/0/1/0/0/1)cc=8.32116e+15
bc(1/0/0/0/1/0/0/1)cc=2.10094e+15
bc(0/1/0/0/1/0/0/1)cc=7.99675e+12
bc(0/0/0/0/0/1/0/1)cc=2.94092e+14
bc(1/0/0/0/0/1/0/1)cc=1.67554e+14
bc(0/0/0/1/0/1/0/1)cc=4.49976e+16
bc(1/0/0/1/0/1/0/1)cc=5.0632e+13
bc(0/0/0/0/1/1/0/1)cc=1.03264e+14
bc(1/0/0/0/1/1/0/1)cc=1.88246e+13
bc(0/1/0/0/1/1/0/1)cc=5.78768e+09
bc(0/0/0/1/1/1/0/1)cc=3.87163e+16
bc(1/0/0/1/1/1/0/1)cc=5.13016e+14
bc(0/1/0/1/1/1/0/1)cc=7.47056e+12
bc(0/0/0/0/0/1/1/1)cc=1.59925e+15
bc(1/0/0/0/0/1/1/1)cc=2.84185e+13
bc(0/0/0/1/0/1/1/1)cc=1.00091e+15
bc(1/0/0/1/0/1/1/1)cc=6.63478e+13
bc(0/0/0/0/1/1/1/1)cc=1.95932e+15
bc(1/0/0/0/1/1/1/1)cc=2.35074e+15
bc(0/0/0/1/1/1/1/1)cc=1.6194e+16
bc(1/0/0/1/1/1/1/1)cc=4.1704e+15
bc(0/1/0/1/1/1/1/1)cc=4.26596e+11
bc(1/1/0/1/1/1/1/1)cc=9.95301e+11
bc(1/0/1/1/1/1/1/1)cc=1.19635e+15
bc(1/1/1/1/1/1/1/1)cc=9.48546e+14
