h(,0):,heur is GAPDB,mutation_rate:0.2000000,size=2000000,without disjoint patterns
h(,1):,heur is GAPDB,mutation_rate:0.4000000,size=2000000,with disjoint patterns
h(,2):,heur is GAPDB,mutation_rate:1.0000000,size=2000000,without disjoint patterns
h(,3):,heur is GAPDB,mutation_rate:0.3000000,size=2000000,with disjoint patterns
h(,4):,ipdb
h(,5):,lmcut
bc(1/0/0/0/0/0)cc=6.54196e+23
bc(0/1/0/0/0/0)cc=3.32973e+23
bc(1/1/0/0/0/0)cc=1.5703e+22
bc(0/0/1/0/0/0)cc=3.36814e+24
bc(1/0/1/0/0/0)cc=1.91114e+22
bc(0/1/1/0/0/0)cc=2.77838e+22
bc(1/1/1/0/0/0)cc=4.66083e+21
bc(0/0/0/1/0/0)cc=1.82807e+24
bc(1/0/0/1/0/0)cc=4.05932e+22
bc(0/1/0/1/0/0)cc=2.02221e+22
bc(1/1/0/1/0/0)cc=6.83074e+22
bc(0/0/1/1/0/0)cc=6.07807e+22
bc(1/0/1/1/0/0)cc=2.38694e+21
bc(0/1/1/1/0/0)cc=8.76392e+20
bc(1/1/1/1/0/0)cc=4.61576e+20
bc(0/0/0/0/1/0)cc=8.92923e+21
bc(1/0/0/0/1/0)cc=3.64429e+22
bc(1/1/0/0/1/0)cc=4.09907e+19
bc(0/0/1/0/1/0)cc=6.62173e+21
bc(1/0/1/0/1/0)cc=1.00946e+22
bc(0/1/1/0/1/0)cc=1.57382e+19
bc(1/1/1/0/1/0)cc=8.79678e+20
bc(0/0/0/1/1/0)cc=4.82142e+23
bc(1/0/0/1/1/0)cc=1.22634e+22
bc(0/1/0/1/1/0)cc=5.96096e+21
bc(1/1/0/1/1/0)cc=9.00929e+22
bc(0/0/1/1/1/0)cc=1.57117e+21
bc(1/0/1/1/1/0)cc=2.85952e+21
bc(0/1/1/1/1/0)cc=6.43566e+21
bc(1/1/1/1/1/0)cc=4.45988e+21
bc(0/0/0/0/0/1)cc=1.3812e+19
bc(1/0/0/0/0/1)cc=5.49081e+16
bc(0/1/0/0/0/1)cc=7.36526e+20
bc(1/1/0/0/0/1)cc=5.56189e+19
bc(0/0/1/0/0/1)cc=7.88856e+17
bc(0/1/1/0/0/1)cc=9.47286e+16
bc(1/1/1/0/0/1)cc=7.73089e+16
bc(0/0/0/1/0/1)cc=6.42684e+13
bc(1/0/0/1/0/1)cc=2.86461e+22
bc(0/1/0/1/0/1)cc=4.41574e+19
bc(1/1/0/1/0/1)cc=2.57717e+21
bc(0/0/1/1/0/1)cc=1.64674e+15
bc(1/0/1/1/0/1)cc=4.42417e+19
bc(0/1/1/1/0/1)cc=6.85442e+12
bc(1/1/1/1/0/1)cc=1.84509e+22
bc(1/0/0/0/1/1)cc=1.65235e+22
bc(1/1/0/0/1/1)cc=1.68222e+22
bc(0/0/1/0/1/1)cc=1.79963e+21
bc(1/0/1/0/1/1)cc=7.1821e+21
bc(1/1/1/0/1/1)cc=7.05458e+19
bc(0/0/0/1/1/1)cc=2.66917e+22
bc(1/0/0/1/1/1)cc=4.31238e+22
bc(0/1/0/1/1/1)cc=2.32463e+19
bc(1/1/0/1/1/1)cc=2.31008e+23
bc(0/0/1/1/1/1)cc=1.6075e+19
bc(1/0/1/1/1/1)cc=2.42347e+21
bc(0/1/1/1/1/1)cc=4.22036e+19
bc(1/1/1/1/1/1)cc=8.01155e+22
