h(,0):,heur is GAPDB,mutation_rate:1.0000000,size=2000000,without disjoint patterns
h(,1):,lmcut
h(,2):,ipdb
h(,3):,heur is GAPDB,mutation_rate:0.4000000,size=2000000,with disjoint patterns
h(,4):,heur is GAPDB,mutation_rate:0.3000000,size=2000000,with disjoint patterns
h(,5):,heur is GAPDB,mutation_rate:0.2000000,size=2000000,without disjoint patterns
bc(1/0/0/0/0/0)cc=8.89057e+40
bc(0/0/1/0/0/0)cc=1.40717e+44
bc(1/0/1/0/0/0)cc=5.91933e+40
bc(0/0/0/1/0/0)cc=1.31255e+40
bc(1/0/0/1/0/0)cc=5.49496e+37
bc(0/0/1/1/0/0)cc=1.25936e+39
bc(1/0/1/1/0/0)cc=1.21526e+41
bc(0/0/0/0/1/0)cc=1.55981e+44
bc(1/0/0/0/1/0)cc=1.1198e+43
bc(0/0/1/0/1/0)cc=4.22856e+41
bc(1/0/1/0/1/0)cc=2.03694e+40
bc(0/0/0/1/1/0)cc=1.5446e+42
bc(1/0/0/1/1/0)cc=3.80209e+43
bc(0/0/1/1/1/0)cc=5.48645e+42
bc(1/0/1/1/1/0)cc=1.475e+41
bc(0/0/0/0/0/1)cc=6.19867e+39
bc(1/0/0/0/0/1)cc=1.78955e+38
bc(0/0/1/0/0/1)cc=2.34133e+41
bc(1/0/1/0/0/1)cc=6.57794e+39
bc(0/0/0/1/0/1)cc=5.0954e+32
bc(1/0/0/1/0/1)cc=8.16259e+39
bc(0/0/1/1/0/1)cc=1.53258e+37
bc(1/0/1/1/0/1)cc=1.16815e+40
bc(0/0/0/0/1/1)cc=1.13255e+39
bc(1/0/0/0/1/1)cc=4.32188e+43
bc(0/0/1/0/1/1)cc=1.71971e+41
bc(1/0/1/0/1/1)cc=2.76189e+40
bc(0/0/0/1/1/1)cc=2.5279e+41
bc(1/0/0/1/1/1)cc=5.07561e+43
bc(0/0/1/1/1/1)cc=1.49746e+41
bc(1/0/1/1/1/1)cc=1.64464e+42
bc(1/1/1/1/1/1)cc=2.57232e+30
