h(,0):,heur is GAPDB,mutation_rate:0.4000000,size=2000000,with disjoint patterns
h(,1):,ipdb
h(,2):,heur is GAPDB,mutation_rate:1.0000000,size=2000000,without disjoint patterns
h(,3):,heur is GAPDB,mutation_rate:0.7000000,size=2000000,without disjoint patterns
h(,4):,heur is GAPDB,mutation_rate:0.3000000,size=2000000,with disjoint patterns
h(,5):,lmcut
h(,6):,heur is GAPDB,mutation_rate:0.2000000,size=2000000,without disjoint patterns
h(,7):,heur is GAPDB,mutation_rate:0.6000000,size=2000000,without disjoint patterns
h(,8):,heur is GAPDB,mutation_rate:0.9000000,size=2000000,with disjoint patterns
bc(0/1/0/0/0/0/0/0/0)cc=5.64029e+28
bc(0/0/1/0/0/0/0/0/0)cc=1.35188e+23
bc(0/0/0/1/0/0/0/0/0)cc=1.95003e+26
bc(0/0/0/0/1/0/0/0/0)cc=4.10296e+21
bc(0/1/0/0/1/0/0/0/0)cc=1.80374e+27
bc(0/0/0/0/0/1/0/0/0)cc=6.25227e+25
bc(0/0/0/1/0/1/0/0/0)cc=1.29853e+25
bc(0/0/1/1/0/1/0/0/0)cc=1.54036e+23
bc(0/0/0/1/0/0/0/1/0)cc=9.37789e+18
bc(0/0/0/1/0/0/1/1/0)cc=1.22676e+16
bc(1/0/0/1/0/0/1/1/0)cc=5.91075e+17
bc(1/0/0/1/1/1/1/1/0)cc=2.53916e+20
bc(0/0/0/0/0/0/0/0/1)cc=2.02931e+19
bc(1/0/1/0/0/0/0/0/1)cc=2.66347e+19
bc(0/0/0/1/0/0/0/0/1)cc=6.53423e+24
bc(0/0/1/1/0/0/0/0/1)cc=5.69216e+24
bc(1/0/1/1/0/0/0/0/1)cc=9.67275e+21
bc(0/0/0/0/1/0/0/0/1)cc=6.74538e+21
bc(0/1/0/0/1/0/0/0/1)cc=1.17794e+25
bc(0/0/1/1/1/0/0/0/1)cc=2.91054e+21
bc(0/0/0/0/0/1/0/0/1)cc=1.90386e+22
bc(0/0/0/1/0/1/0/0/1)cc=1.76555e+23
bc(0/0/1/1/0/1/0/0/1)cc=6.15192e+24
bc(1/0/1/1/0/1/0/0/1)cc=2.16873e+22
bc(0/0/0/1/1/0/1/0/1)cc=3.6405e+21
bc(0/0/1/1/1/0/1/0/1)cc=3.43002e+16
bc(1/0/1/1/1/0/1/0/1)cc=3.39605e+19
bc(0/1/1/1/1/0/1/0/1)cc=4.14024e+19
bc(1/0/1/1/0/1/1/0/1)cc=5.7687e+23
bc(1/0/1/1/0/0/0/1/1)cc=1.41575e+20
bc(1/0/1/1/1/0/0/1/1)cc=3.34309e+22
bc(0/0/0/1/0/1/0/1/1)cc=5.07696e+21
bc(1/0/1/1/0/1/0/1/1)cc=1.49621e+22
bc(1/0/1/1/1/1/0/1/1)cc=6.13671e+20
bc(0/1/0/1/1/0/1/1/1)cc=5.52032e+19
bc(1/0/1/1/1/0/1/1/1)cc=7.00377e+23
bc(1/1/1/1/1/0/1/1/1)cc=5.37142e+24
bc(1/0/1/1/0/1/1/1/1)cc=1.6754e+23
bc(1/0/1/1/1/1/1/1/1)cc=2.79697e+24
bc(1/1/1/1/1/1/1/1/1)cc=3.39474e+21
