h(,0):,heur is GAPDB,mutation_rate:0.2000000,size=2000000,without disjoint patterns
h(,1):,heur is GAPDB,mutation_rate:0.3000000,size=2000000,with disjoint patterns
h(,2):,ipdb
h(,3):,heur is GAPDB,mutation_rate:0.6000000,size=2000000,without disjoint patterns
h(,4):,heur is GAPDB,mutation_rate:0.4000000,size=2000000,with disjoint patterns
h(,5):,heur is GAPDB,mutation_rate:1.0000000,size=2000000,without disjoint patterns
h(,6):,heur is GAPDB,mutation_rate:0.7000000,size=2000000,without disjoint patterns
h(,7):,lmcut
h(,8):,heur is GAPDB,mutation_rate:0.9000000,size=2000000,with disjoint patterns
bc(1/0/0/0/0/0/0/0/0)cc=1.87961e+35
bc(0/0/0/0/1/0/0/0/0)cc=1.47084e+35
bc(1/0/0/0/1/0/0/0/0)cc=2.30452e+34
bc(0/0/0/1/1/0/0/0/0)cc=1.9544e+34
bc(0/0/0/0/0/1/0/0/0)cc=7.93495e+33
bc(0/0/0/0/1/1/0/0/0)cc=6.62199e+32
bc(0/0/0/0/0/0/1/0/0)cc=2.41482e+36
bc(1/0/0/0/0/0/1/0/0)cc=1.76076e+35
bc(0/1/0/0/0/0/1/0/0)cc=1.72463e+34
bc(1/1/0/0/0/0/1/0/0)cc=1.62397e+34
bc(0/0/0/0/1/0/1/0/0)cc=8.11881e+35
bc(1/0/0/0/1/0/1/0/0)cc=7.76598e+34
bc(0/1/0/0/1/0/1/0/0)cc=4.46786e+33
bc(1/1/0/0/1/0/1/0/0)cc=2.22054e+34
bc(0/0/0/1/1/0/1/0/0)cc=1.83313e+34
bc(0/0/0/0/0/1/1/0/0)cc=1.96347e+34
bc(1/0/0/0/0/1/1/0/0)cc=2.49748e+33
bc(1/1/0/0/0/1/1/0/0)cc=5.77657e+33
bc(1/1/0/1/0/1/1/0/0)cc=6.47467e+15
bc(0/0/0/0/1/1/1/0/0)cc=5.07471e+34
bc(1/0/0/0/1/1/1/0/0)cc=5.08977e+33
bc(1/1/0/0/1/1/1/0/0)cc=2.03603e+34
bc(1/0/0/1/1/1/1/0/0)cc=4.65734e+33
bc(1/1/0/1/1/1/1/0/0)cc=1.62979e+34
bc(0/0/0/0/0/0/0/0/1)cc=1.52695e+32
bc(0/0/0/0/0/0/1/0/1)cc=1.45826e+34
bc(0/0/0/0/1/0/1/0/1)cc=3.27004e+34
bc(1/0/0/0/1/0/1/0/1)cc=9.9427e+32
bc(1/0/0/0/0/1/1/0/1)cc=2.1395e+33
bc(1/1/0/0/0/1/1/0/1)cc=4.71638e+33
bc(1/0/0/1/0/1/1/0/1)cc=1.13824e+33
bc(1/1/0/1/0/1/1/0/1)cc=2.79638e+32
bc(0/0/0/0/1/1/1/0/1)cc=2.70989e+33
bc(1/0/0/0/1/1/1/0/1)cc=1.09152e+34
bc(1/1/0/0/1/1/1/0/1)cc=5.0854e+34
bc(1/0/0/1/1/1/1/0/1)cc=2.78917e+34
bc(1/1/0/1/1/1/1/0/1)cc=7.76476e+34
bc(1/1/1/1/1/1/1/0/1)cc=1.2538e+21
bc(1/1/0/1/1/1/1/1/1)cc=8.51695e+19
bc(1/1/1/1/1/1/1/1/1)cc=2.94633e+20
