h(,0):,heur is GAPDB,mutation_rate:0.9000000,size=2000000,with disjoint patterns
h(,1):,heur is GAPDB,mutation_rate:0.7000000,size=2000000,without disjoint patterns
h(,2):,heur is GAPDB,mutation_rate:0.4000000,size=2000000,with disjoint patterns
h(,3):,lmcut
h(,4):,ipdb
h(,5):,heur is GAPDB,mutation_rate:0.3000000,size=2000000,with disjoint patterns
h(,6):,heur is GAPDB,mutation_rate:1.0000000,size=2000000,without disjoint patterns
h(,7):,heur is GAPDB,mutation_rate:0.2000000,size=2000000,without disjoint patterns
h(,8):,merge_and_shrink
bc(1/0/0/0/0/0/0/0/0)cc=2.08423e+28
bc(0/1/0/0/0/0/0/0/0)cc=2.01114e+29
bc(1/1/0/0/0/0/0/0/0)cc=3.49202e+27
bc(0/0/1/0/0/0/0/0/0)cc=3.61152e+24
bc(0/1/1/0/0/0/0/0/0)cc=1.237e+23
bc(1/1/1/0/0/0/0/0/0)cc=1.05735e+21
bc(0/0/0/1/0/0/0/0/0)cc=7.72559e+20
bc(0/1/0/1/0/0/0/0/0)cc=7.76749e+26
bc(0/0/0/0/1/0/0/0/0)cc=4.04272e+32
bc(0/0/0/0/0/1/0/0/0)cc=2.68668e+29
bc(1/0/0/0/0/1/0/0/0)cc=1.34943e+23
bc(0/1/0/0/0/1/0/0/0)cc=3.87751e+24
bc(0/0/1/0/0/1/0/0/0)cc=3.02251e+30
bc(0/1/1/0/0/1/0/0/0)cc=2.13689e+23
bc(0/0/0/0/1/1/0/0/0)cc=1.13375e+30
bc(1/0/0/0/0/0/1/0/0)cc=1.31423e+10
bc(1/1/0/0/0/0/1/0/0)cc=6.82617e+25
bc(0/0/1/0/0/0/1/0/0)cc=5.57942e+28
bc(0/1/1/0/0/0/1/0/0)cc=2.41337e+26
bc(1/1/1/0/0/0/1/0/0)cc=1.35708e+26
bc(1/1/0/1/0/0/1/0/0)cc=5.7373e+21
bc(1/1/1/1/0/0/1/0/0)cc=1.23577e+22
bc(0/1/0/0/0/1/1/0/0)cc=7.75503e+23
bc(0/0/1/0/0/1/1/0/0)cc=8.03721e+30
bc(1/0/1/0/0/1/1/0/0)cc=6.21952e+28
bc(0/1/1/0/0/1/1/0/0)cc=5.9793e+23
bc(1/1/1/0/0/1/1/0/0)cc=8.1638e+26
bc(1/1/1/1/0/1/1/0/0)cc=1.68657e+20
bc(0/0/1/0/1/1/1/0/0)cc=1.69466e+29
bc(0/1/1/0/0/0/0/1/0)cc=3.22642e+22
bc(1/0/0/0/0/1/0/1/0)cc=1.86441e+24
bc(0/1/0/0/0/1/0/1/0)cc=6.14089e+25
bc(1/1/0/0/0/1/0/1/0)cc=2.42169e+26
bc(0/1/1/0/0/1/0/1/0)cc=5.95646e+22
bc(1/1/1/0/0/1/0/1/0)cc=1.75287e+17
bc(1/1/0/0/0/0/1/1/0)cc=4.49527e+19
bc(1/1/1/0/0/0/1/1/0)cc=6.643e+25
bc(1/1/0/0/0/1/1/1/0)cc=1.14995e+20
bc(0/1/1/0/0/1/1/1/0)cc=3.69271e+22
bc(1/1/1/0/0/1/1/1/0)cc=3.17478e+27
bc(1/1/1/1/0/1/1/1/0)cc=4.65837e+25
bc(1/0/1/0/1/1/1/1/0)cc=1.75035e+27
bc(1/1/1/0/1/1/1/1/0)cc=3.38137e+26
bc(1/1/1/1/1/1/1/1/0)cc=1.61316e+17
bc(1/1/1/1/1/1/1/1/1)cc=7.24606e+06
