h(,0):,heur is GAPDB,mutation_rate:1.0000000,size=2000000,without disjoint patterns
h(,1):,lmcut
h(,2):,heur is GAPDB,mutation_rate:0.4000000,size=2000000,with disjoint patterns
h(,3):,heur is GAPDB,mutation_rate:0.3000000,size=2000000,with disjoint patterns
h(,4):,ipdb
h(,5):,heur is GAPDB,mutation_rate:0.2000000,size=2000000,without disjoint patterns
bc(1/0/0/0/0/0)cc=9.70511e+21
bc(0/1/0/0/0/0)cc=1.89484e+17
bc(1/1/0/0/0/0)cc=2.26172e+19
bc(0/0/1/0/0/0)cc=7.38401e+21
bc(1/0/1/0/0/0)cc=8.12839e+20
bc(0/1/1/0/0/0)cc=1.02207e+17
bc(0/0/0/1/0/0)cc=3.56577e+22
bc(1/0/0/1/0/0)cc=1.53651e+22
bc(0/1/0/1/0/0)cc=5.88356e+19
bc(1/1/0/1/0/0)cc=8.59981e+19
bc(0/0/1/1/0/0)cc=6.79261e+21
bc(1/0/1/1/0/0)cc=6.12933e+21
bc(1/1/1/1/0/0)cc=2.44274e+21
bc(0/0/0/0/1/0)cc=8.00262e+23
bc(1/0/0/0/1/0)cc=1.81883e+20
bc(0/1/0/0/1/0)cc=5.76986e+18
bc(0/0/1/0/1/0)cc=2.16036e+23
bc(1/0/1/0/1/0)cc=1.06284e+21
bc(0/1/1/0/1/0)cc=6.70112e+19
bc(1/1/1/0/1/0)cc=6.9442e+18
bc(0/0/0/1/1/0)cc=8.01265e+20
bc(1/0/0/1/1/0)cc=1.54165e+22
bc(1/1/0/1/1/0)cc=2.05065e+19
bc(0/0/1/1/1/0)cc=5.3927e+21
bc(1/0/1/1/1/0)cc=2.22921e+22
bc(0/1/1/1/1/0)cc=2.28779e+21
bc(1/1/1/1/1/0)cc=1.28033e+22
bc(0/0/0/0/0/1)cc=1.90702e+23
bc(1/0/0/0/0/1)cc=2.11332e+21
bc(0/1/0/0/0/1)cc=2.1674e+16
bc(0/0/1/0/0/1)cc=2.90215e+21
bc(1/0/1/0/0/1)cc=8.15472e+19
bc(1/1/1/0/0/1)cc=1.29299e+21
bc(0/0/0/1/0/1)cc=8.04272e+21
bc(1/0/0/1/0/1)cc=1.5775e+20
bc(0/1/0/1/0/1)cc=8.73323e+19
bc(1/1/0/1/0/1)cc=1.34708e+19
bc(0/0/1/1/0/1)cc=4.58448e+22
bc(1/0/1/1/0/1)cc=3.50092e+22
bc(0/1/1/1/0/1)cc=2.70574e+17
bc(1/1/1/1/0/1)cc=5.04228e+21
bc(0/0/0/0/1/1)cc=1.11207e+22
bc(1/0/0/0/1/1)cc=2.11466e+20
bc(0/1/0/0/1/1)cc=8.28817e+18
bc(0/0/1/0/1/1)cc=4.78165e+22
bc(1/0/1/0/1/1)cc=3.00902e+21
bc(0/1/1/0/1/1)cc=7.12723e+19
bc(1/1/1/0/1/1)cc=1.34716e+21
bc(0/0/0/1/1/1)cc=1.08725e+18
bc(1/0/0/1/1/1)cc=8.67973e+19
bc(0/1/0/1/1/1)cc=5.23543e+16
bc(1/1/0/1/1/1)cc=5.6295e+14
bc(0/0/1/1/1/1)cc=2.28077e+22
bc(1/0/1/1/1/1)cc=2.59493e+22
bc(0/1/1/1/1/1)cc=4.72835e+21
bc(1/1/1/1/1/1)cc=2.47687e+22
