h(,0):,heur is GAPDB,mutation_rate:0.4000000,size=2000000,with disjoint patterns
h(,1):,heur is GAPDB,mutation_rate:0.2000000,size=2000000,without disjoint patterns
h(,2):,heur is GAPDB,mutation_rate:0.3000000,size=2000000,with disjoint patterns
h(,3):,heur is GAPDB,mutation_rate:1.0000000,size=2000000,without disjoint patterns
h(,4):,ipdb
h(,5):,lmcut
bc(1/0/0/0/0/0)cc=1.08374e+23
bc(0/1/0/0/0/0)cc=7.01943e+23
bc(1/1/0/0/0/0)cc=2.04584e+22
bc(0/0/1/0/0/0)cc=2.63027e+24
bc(1/0/1/0/0/0)cc=2.8376e+22
bc(0/1/1/0/0/0)cc=5.84344e+22
bc(1/1/1/0/0/0)cc=7.42953e+22
bc(0/0/0/1/0/0)cc=2.00565e+24
bc(1/0/0/1/0/0)cc=2.43351e+22
bc(0/1/0/1/0/0)cc=2.6026e+22
bc(1/1/0/1/0/0)cc=6.2471e+21
bc(0/0/1/1/0/0)cc=8.73961e+22
bc(1/0/1/1/0/0)cc=1.10546e+21
bc(0/1/1/1/0/0)cc=3.43704e+21
bc(1/1/1/1/0/0)cc=3.25448e+20
bc(0/0/0/0/1/0)cc=6.26628e+21
bc(0/1/0/0/1/0)cc=4.82582e+21
bc(1/1/0/0/1/0)cc=1.46451e+19
bc(0/0/1/0/1/0)cc=6.89331e+23
bc(1/0/1/0/1/0)cc=8.56627e+21
bc(0/1/1/0/1/0)cc=1.26625e+22
bc(1/1/1/0/1/0)cc=1.25835e+23
bc(0/0/0/1/1/0)cc=8.53629e+21
bc(1/0/0/1/1/0)cc=1.86552e+19
bc(0/1/0/1/1/0)cc=4.42029e+21
bc(1/1/0/1/1/0)cc=4.37927e+20
bc(0/0/1/1/1/0)cc=7.58979e+20
bc(1/0/1/1/1/0)cc=9.26691e+21
bc(0/1/1/1/1/0)cc=3.87668e+21
bc(1/1/1/1/1/0)cc=4.94785e+21
bc(0/0/0/0/0/1)cc=1.97623e+19
bc(1/0/0/0/0/1)cc=1.0606e+21
bc(0/1/0/0/0/1)cc=7.90677e+16
bc(1/1/0/0/0/1)cc=7.88592e+19
bc(1/0/1/0/0/1)cc=6.35859e+19
bc(0/1/1/0/0/1)cc=4.12504e+22
bc(1/1/1/0/0/1)cc=1.00167e+21
bc(0/0/0/1/0/1)cc=1.13595e+18
bc(1/0/0/1/0/1)cc=1.36373e+17
bc(1/1/0/1/0/1)cc=1.11325e+17
bc(0/0/1/1/0/1)cc=2.32318e+15
bc(0/1/1/1/0/1)cc=6.3708e+19
bc(1/1/1/1/0/1)cc=2.65292e+22
bc(0/1/0/0/1/1)cc=4.95236e+18
bc(1/1/0/0/1/1)cc=4.33317e+20
bc(0/0/1/0/1/1)cc=3.80771e+22
bc(1/0/1/0/1/1)cc=3.34747e+19
bc(0/1/1/0/1/1)cc=5.98198e+22
bc(1/1/1/0/1/1)cc=3.16123e+23
bc(0/0/0/1/1/1)cc=2.59147e+21
bc(0/1/0/1/1/1)cc=9.03276e+19
bc(1/1/0/1/1/1)cc=1.11217e+19
bc(0/0/1/1/1/1)cc=4.08534e+17
bc(1/0/1/1/1/1)cc=4.34468e+19
bc(0/1/1/1/1/1)cc=2.04736e+21
bc(1/1/1/1/1/1)cc=9.85901e+22
