h(,0):,heur is GAPDB,mutation_rate:0.2000000,size=2000000,without disjoint patterns
h(,1):,heur is GAPDB,mutation_rate:0.4000000,size=2000000,with disjoint patterns
h(,2):,heur is GAPDB,mutation_rate:1.0000000,size=2000000,without disjoint patterns
h(,3):,ipdb
h(,4):,lmcut
h(,5):,merge_and_shrink
bc(1/0/0/0/0/0)cc=1.70921e+23
bc(0/1/0/0/0/0)cc=1.42017e+24
bc(1/1/0/0/0/0)cc=2.45317e+23
bc(0/0/1/0/0/0)cc=8.32798e+25
bc(1/0/1/0/0/0)cc=8.44165e+22
bc(0/1/1/0/0/0)cc=4.36824e+23
bc(1/1/1/0/0/0)cc=2.59642e+23
bc(0/0/0/1/0/0)cc=2.643e+22
bc(1/0/0/1/0/0)cc=2.98092e+20
bc(0/1/0/1/0/0)cc=4.97242e+21
bc(1/1/0/1/0/0)cc=1.79446e+22
bc(0/0/1/1/0/0)cc=2.41695e+22
bc(1/0/1/1/0/0)cc=4.85856e+22
bc(0/1/1/1/0/0)cc=4.37224e+21
bc(1/1/1/1/0/0)cc=2.14249e+22
bc(0/0/0/0/1/0)cc=2.44109e+15
bc(1/0/0/0/1/0)cc=3.19593e+21
bc(0/1/0/0/1/0)cc=7.18769e+22
bc(1/1/0/0/1/0)cc=3.67429e+21
bc(0/0/1/0/1/0)cc=3.90138e+21
bc(1/0/1/0/1/0)cc=2.45163e+21
bc(0/1/1/0/1/0)cc=3.7483e+21
bc(1/1/1/0/1/0)cc=1.1967e+22
bc(0/0/0/1/1/0)cc=2.84786e+19
bc(1/0/0/1/1/0)cc=3.48075e+20
bc(0/1/0/1/1/0)cc=6.74951e+14
bc(1/1/0/1/1/0)cc=5.57561e+22
bc(0/0/1/1/1/0)cc=8.11107e+21
bc(1/0/1/1/1/0)cc=1.74389e+22
bc(0/1/1/1/1/0)cc=8.12975e+19
bc(1/1/1/1/1/0)cc=3.40331e+22
bc(1/0/0/0/0/1)cc=6.46125e+17
bc(0/1/0/0/0/1)cc=1.18081e+18
bc(1/1/0/0/0/1)cc=5.44313e+16
bc(0/0/1/0/0/1)cc=3.26492e+20
bc(1/0/1/0/0/1)cc=2.54016e+22
bc(0/1/1/0/0/1)cc=9.99052e+20
bc(1/1/1/0/0/1)cc=1.9486e+22
bc(0/0/0/1/0/1)cc=6.36803e+16
bc(1/0/0/1/0/1)cc=2.85005e+20
bc(0/1/0/1/0/1)cc=3.18129e+15
bc(1/1/0/1/0/1)cc=4.80148e+20
bc(0/0/1/1/0/1)cc=2.19295e+19
bc(1/0/1/1/0/1)cc=1.33458e+21
bc(0/1/1/1/0/1)cc=1.52489e+18
bc(1/1/1/1/0/1)cc=1.08058e+22
bc(1/0/0/0/1/1)cc=2.3581e+21
bc(1/1/1/0/1/1)cc=1.10896e+20
bc(0/0/0/1/1/1)cc=4.75854e+17
bc(1/0/0/1/1/1)cc=4.75053e+19
bc(0/1/0/1/1/1)cc=2.3785e+20
bc(1/1/0/1/1/1)cc=2.62939e+21
bc(0/0/1/1/1/1)cc=2.96255e+17
bc(1/0/1/1/1/1)cc=1.19953e+21
bc(1/1/1/1/1/1)cc=6.56068e+22
