h(,0):,heur is GAPDB,mutation_rate:0.2000000,size=2000000,without disjoint patterns
h(,1):,heur is GAPDB,mutation_rate:0.6000000,size=2000000,without disjoint patterns
h(,2):,ipdb
h(,3):,heur is GAPDB,mutation_rate:0.3000000,size=2000000,with disjoint patterns
h(,4):,heur is GAPDB,mutation_rate:1.0000000,size=2000000,without disjoint patterns
h(,5):,lmcut
h(,6):,heur is GAPDB,mutation_rate:0.8000000,size=2000000,with disjoint patterns
h(,7):,heur is GAPDB,mutation_rate:0.4000000,size=2000000,with disjoint patterns
h(,8):,heur is GAPDB,mutation_rate:0.9000000,size=2000000,with disjoint patterns
h(,9):,heur is GAPDB,mutation_rate:0.7000000,size=2000000,without disjoint patterns
bc(1/0/0/0/0/0/0/0/0/0)cc=1.15231e+37
bc(0/0/0/0/1/0/0/0/0/0)cc=8.56584e+35
bc(0/0/0/0/0/0/1/0/0/0)cc=8.70157e+35
bc(0/0/0/0/0/0/0/1/0/0)cc=1.48817e+37
bc(1/0/0/0/0/0/0/1/0/0)cc=4.72105e+36
bc(0/0/0/0/0/0/0/0/1/0)cc=1.07664e+35
bc(0/0/0/0/0/0/0/0/0/1)cc=5.07909e+38
bc(1/0/0/0/0/0/0/0/0/1)cc=2.0626e+36
bc(1/0/0/1/0/0/0/0/0/1)cc=3.30015e+36
bc(1/0/0/0/1/0/0/0/0/1)cc=1.80376e+36
bc(1/0/0/1/1/0/0/0/0/1)cc=1.25197e+37
bc(0/0/0/0/0/0/1/0/0/1)cc=1.77899e+36
bc(0/0/0/0/1/0/1/0/0/1)cc=2.87367e+35
bc(1/0/0/0/1/0/1/0/0/1)cc=2.60995e+35
bc(1/0/0/1/1/0/1/0/0/1)cc=3.11492e+36
bc(1/1/0/1/1/0/1/0/0/1)cc=2.29177e+34
bc(0/0/0/0/0/0/0/1/0/1)cc=5.40102e+37
bc(1/0/0/0/0/0/0/1/0/1)cc=4.12519e+35
bc(1/0/0/0/1/0/0/1/0/1)cc=1.22281e+36
bc(1/1/0/0/1/0/0/1/0/1)cc=3.49034e+36
bc(1/0/0/1/1/0/0/1/0/1)cc=4.90281e+36
bc(1/1/0/1/1/0/0/1/0/1)cc=7.17457e+36
bc(0/0/0/0/1/0/1/1/0/1)cc=2.4171e+34
bc(1/0/0/0/1/0/1/1/0/1)cc=3.1867e+35
bc(1/1/0/0/1/0/1/1/0/1)cc=8.54736e+35
bc(1/0/0/1/1/0/1/1/0/1)cc=1.55114e+35
bc(1/1/0/1/1/0/1/1/0/1)cc=3.89294e+36
bc(0/0/0/0/0/0/0/0/1/1)cc=1.83342e+35
bc(1/0/0/1/1/0/0/0/1/1)cc=1.27766e+36
bc(1/0/0/0/1/0/1/0/1/1)cc=1.49076e+34
bc(1/0/0/1/1/0/1/0/1/1)cc=3.02138e+33
bc(1/0/0/0/1/0/0/1/1/1)cc=2.17718e+35
bc(1/1/0/0/1/0/0/1/1/1)cc=2.68907e+35
bc(1/0/0/1/1/0/0/1/1/1)cc=1.10005e+36
bc(1/1/0/1/1/0/0/1/1/1)cc=3.96886e+35
bc(1/0/0/0/1/0/1/1/1/1)cc=3.02138e+33
bc(1/1/0/0/1/0/1/1/1/1)cc=3.64074e+34
bc(1/0/0/1/1/0/1/1/1/1)cc=5.15649e+34
bc(1/1/0/1/1/0/1/1/1/1)cc=2.86179e+36
bc(1/1/1/1/1/0/1/1/1/1)cc=5.1121e+22
bc(1/1/0/1/1/1/1/1/1/1)cc=1.27283e+21
bc(1/1/1/1/1/1/1/1/1/1)cc=1.37537e+22
