h(,0):,heur is GAPDB,mutation_rate:1.0000000,size=2000000,without disjoint patterns
h(,1):,lmcut
h(,2):,heur is GAPDB,mutation_rate:0.4000000,size=2000000,with disjoint patterns
h(,3):,heur is GAPDB,mutation_rate:0.3000000,size=2000000,with disjoint patterns
h(,4):,ipdb
h(,5):,heur is GAPDB,mutation_rate:0.2000000,size=2000000,without disjoint patterns
bc(1/0/0/0/0/0)cc=1.75214e+22
bc(0/1/0/0/0/0)cc=1.22248e+17
bc(1/1/0/0/0/0)cc=1.45918e+19
bc(0/0/1/0/0/0)cc=9.31403e+21
bc(1/0/1/0/0/0)cc=3.52135e+21
bc(0/1/1/0/0/0)cc=6.59398e+16
bc(1/1/1/0/0/0)cc=1.57242e+20
bc(0/0/0/1/0/0)cc=3.52699e+22
bc(1/0/0/1/0/0)cc=3.54955e+22
bc(0/1/0/1/0/0)cc=4.80034e+19
bc(1/1/0/1/0/0)cc=4.9207e+20
bc(0/0/1/1/0/0)cc=4.68517e+21
bc(1/0/1/1/0/0)cc=4.13313e+21
bc(0/1/1/1/0/0)cc=6.50405e+20
bc(1/1/1/1/0/0)cc=1.57663e+21
bc(0/0/0/0/1/0)cc=5.36795e+23
bc(1/0/0/0/1/0)cc=5.99324e+20
bc(0/1/0/0/1/0)cc=3.72249e+18
bc(0/0/1/0/1/0)cc=1.537e+23
bc(1/0/1/0/1/0)cc=6.95815e+20
bc(0/1/1/0/1/0)cc=4.32503e+19
bc(1/1/1/0/1/0)cc=4.92545e+18
bc(0/0/0/1/1/0)cc=1.18455e+21
bc(1/0/0/1/1/0)cc=9.94615e+21
bc(1/1/0/1/1/0)cc=1.32327e+19
bc(0/0/1/1/1/0)cc=5.43423e+21
bc(1/0/1/1/1/0)cc=1.4391e+22
bc(0/1/1/1/1/0)cc=2.12629e+21
bc(1/1/1/1/1/0)cc=8.29031e+21
bc(0/0/0/0/0/1)cc=1.991e+23
bc(1/0/0/0/0/1)cc=5.26095e+21
bc(0/1/0/0/0/1)cc=6.65827e+21
bc(0/0/1/0/0/1)cc=2.562e+21
bc(1/0/1/0/0/1)cc=2.16195e+20
bc(1/1/1/0/0/1)cc=8.34197e+20
bc(0/0/0/1/0/1)cc=4.49495e+22
bc(1/0/0/1/0/1)cc=5.33078e+21
bc(0/1/0/1/0/1)cc=5.63434e+19
bc(1/1/0/1/0/1)cc=1.06699e+19
bc(0/0/1/1/0/1)cc=3.61099e+22
bc(1/0/1/1/0/1)cc=4.10845e+22
bc(0/1/1/1/0/1)cc=1.5154e+20
bc(1/1/1/1/0/1)cc=1.18728e+22
bc(0/0/0/0/1/1)cc=9.78112e+21
bc(1/0/0/0/1/1)cc=1.98351e+21
bc(0/1/0/0/1/1)cc=5.34721e+18
bc(0/0/1/0/1/1)cc=3.08557e+22
bc(1/0/1/0/1/1)cc=1.9461e+21
bc(0/1/1/0/1/1)cc=4.85395e+19
bc(1/1/1/0/1/1)cc=8.69844e+20
bc(0/0/0/1/1/1)cc=1.30129e+21
bc(1/0/0/1/1/1)cc=5.6521e+19
bc(0/1/0/1/1/1)cc=3.3777e+16
bc(1/1/0/1/1/1)cc=3.63194e+14
bc(0/0/1/1/1/1)cc=1.47389e+22
bc(1/0/1/1/1/1)cc=1.76254e+22
bc(0/1/1/1/1/1)cc=4.39499e+21
bc(1/1/1/1/1/1)cc=2.13898e+22
