h(,0):,heur is GAPDB,mutation_rate:1.0000000,size=2000000,without disjoint patterns
h(,1):,lmcut
h(,2):,ipdb
h(,3):,heur is GAPDB,mutation_rate:0.4000000,size=2000000,with disjoint patterns
h(,4):,heur is GAPDB,mutation_rate:0.9000000,size=2000000,with disjoint patterns
h(,5):,heur is GAPDB,mutation_rate:0.2000000,size=2000000,without disjoint patterns
h(,6):,heur is GAPDB,mutation_rate:0.7000000,size=2000000,without disjoint patterns
h(,7):,heur is GAPDB,mutation_rate:0.3000000,size=2000000,with disjoint patterns
bc(0/0/0/0/1/0/0/0)cc=5.38312e+17
bc(0/0/0/0/0/1/0/0)cc=1.54098e+17
bc(0/0/0/1/0/1/0/0)cc=4.99823e+17
bc(0/0/0/0/1/1/0/0)cc=3.50239e+14
bc(0/0/0/1/1/1/0/0)cc=7.60775e+16
bc(0/0/0/0/0/1/1/0)cc=1.21783e+14
bc(0/0/0/1/0/1/1/0)cc=6.89196e+15
bc(0/0/0/0/1/1/1/0)cc=4.17288e+15
bc(0/0/0/1/1/1/1/0)cc=1.18764e+16
bc(0/0/0/0/0/0/0/1)cc=2.45983e+16
bc(1/0/0/0/0/0/0/1)cc=7.88525e+15
bc(0/0/0/0/1/0/0/1)cc=8.51638e+15
bc(1/0/0/0/1/0/0/1)cc=2.15202e+15
bc(0/1/0/0/1/0/0/1)cc=8.1918e+12
bc(0/0/0/0/0/1/0/1)cc=3.00894e+14
bc(1/0/0/0/0/1/0/1)cc=1.7164e+14
bc(0/0/0/1/0/1/0/1)cc=4.60951e+16
bc(1/0/0/1/0/1/0/1)cc=5.1867e+13
bc(0/0/0/0/1/1/0/1)cc=1.05649e+14
bc(1/0/0/0/1/1/0/1)cc=1.92791e+13
bc(0/1/0/0/1/1/0/1)cc=5.92884e+09
bc(0/0/0/1/1/1/0/1)cc=3.96606e+16
bc(1/0/0/1/1/1/0/1)cc=5.25523e+14
bc(0/1/0/1/1/1/0/1)cc=7.65276e+12
bc(0/0/0/0/0/1/1/1)cc=1.63825e+15
bc(1/0/0/0/0/1/1/1)cc=2.91116e+13
bc(0/0/0/1/0/1/1/1)cc=1.02409e+15
bc(1/0/0/1/0/1/1/1)cc=6.79657e+13
bc(0/0/0/0/1/1/1/1)cc=2.00487e+15
bc(1/0/0/0/1/1/1/1)cc=2.29012e+15
bc(0/0/0/1/1/1/1/1)cc=1.64334e+16
bc(1/0/0/1/1/1/1/1)cc=4.20346e+15
bc(0/1/0/1/1/1/1/1)cc=4.37001e+11
bc(1/1/0/1/1/1/1/1)cc=1.01957e+12
bc(1/0/1/1/1/1/1/1)cc=1.20447e+15
bc(1/1/1/1/1/1/1/1)cc=9.6827e+14
