h(,0):,heur is GAPDB,mutation_rate:0.4000000,size=2000000,with disjoint patterns
h(,1):,ipdb
h(,2):,heur is GAPDB,mutation_rate:1.0000000,size=2000000,without disjoint patterns
h(,3):,heur is GAPDB,mutation_rate:0.7000000,size=2000000,without disjoint patterns
h(,4):,heur is GAPDB,mutation_rate:0.3000000,size=2000000,with disjoint patterns
h(,5):,lmcut
h(,6):,heur is GAPDB,mutation_rate:0.2000000,size=2000000,without disjoint patterns
h(,7):,heur is GAPDB,mutation_rate:0.6000000,size=2000000,without disjoint patterns
h(,8):,heur is GAPDB,mutation_rate:0.9000000,size=2000000,with disjoint patterns
bc(1/0/0/0/0/0/0/0/0)cc=5.81269e+21
bc(0/1/0/0/0/0/0/0/0)cc=3.13349e+28
bc(0/0/1/0/0/0/0/0/0)cc=7.51043e+22
bc(1/0/1/0/0/0/0/0/0)cc=4.67731e+22
bc(0/0/0/1/0/0/0/0/0)cc=1.08535e+26
bc(0/0/0/0/1/0/0/0/0)cc=1.08838e+24
bc(0/1/0/0/1/0/0/0/0)cc=1.00208e+27
bc(0/0/0/0/0/1/0/0/0)cc=3.47348e+25
bc(0/0/0/1/0/1/0/0/0)cc=7.21406e+24
bc(0/0/1/1/0/1/0/0/0)cc=8.55755e+22
bc(1/0/1/1/1/0/1/0/0)cc=6.27571e+18
bc(0/0/0/1/0/0/0/1/0)cc=5.20994e+18
bc(1/0/0/0/1/0/0/1/0)cc=9.03454e+22
bc(1/0/1/0/1/0/0/1/0)cc=1.41884e+24
bc(0/0/0/1/0/0/1/1/0)cc=6.81532e+15
bc(1/0/0/1/0/0/1/1/0)cc=3.28375e+17
bc(0/0/0/1/1/1/1/1/0)cc=7.51334e+18
bc(1/0/0/1/1/1/1/1/0)cc=1.41064e+20
bc(0/0/0/0/0/0/0/0/1)cc=2.69422e+20
bc(1/0/1/0/0/0/0/0/1)cc=3.51074e+23
bc(0/0/0/1/0/0/0/0/1)cc=3.73927e+24
bc(0/0/1/1/0/0/0/0/1)cc=3.16231e+24
bc(1/0/1/1/0/0/0/0/1)cc=5.42086e+21
bc(0/0/0/0/1/0/0/0/1)cc=3.74743e+21
bc(0/1/0/0/1/0/0/0/1)cc=6.54411e+24
bc(1/0/1/0/1/0/0/0/1)cc=1.3457e+19
bc(0/0/1/1/1/0/0/0/1)cc=1.61697e+21
bc(0/0/0/0/0/1/0/0/1)cc=1.0577e+22
bc(1/0/1/0/0/1/0/0/1)cc=3.20005e+21
bc(0/0/0/1/0/1/0/0/1)cc=9.80881e+22
bc(0/0/1/1/0/1/0/0/1)cc=3.41773e+24
bc(1/0/1/1/0/1/0/0/1)cc=1.2055e+22
bc(1/0/1/1/1/1/0/0/1)cc=1.127e+19
bc(0/0/0/1/1/0/1/0/1)cc=4.47721e+21
bc(1/0/0/1/1/0/1/0/1)cc=2.58892e+19
bc(0/0/1/1/1/0/1/0/1)cc=1.90557e+16
bc(1/0/1/1/1/0/1/0/1)cc=6.95193e+21
bc(0/1/1/1/1/0/1/0/1)cc=2.30013e+19
bc(1/0/1/1/0/1/1/0/1)cc=3.20483e+23
bc(1/0/1/1/1/1/1/0/1)cc=7.67395e+20
bc(1/0/1/1/0/0/0/1/1)cc=9.02294e+19
bc(1/0/1/0/1/0/0/1/1)cc=1.37877e+23
bc(1/0/1/1/1/0/0/1/1)cc=1.85727e+22
bc(0/0/0/1/0/1/0/1/1)cc=2.82053e+21
bc(1/0/1/1/0/1/0/1/1)cc=8.31228e+21
bc(1/0/1/1/1/1/0/1/1)cc=3.40928e+20
bc(0/1/0/1/1/0/1/1/1)cc=3.06684e+19
bc(1/0/1/1/1/0/1/1/1)cc=4.74232e+23
bc(1/1/1/1/1/0/1/1/1)cc=2.98412e+24
bc(1/0/1/1/0/1/1/1/1)cc=9.30776e+22
bc(1/0/1/1/1/1/1/1/1)cc=1.56504e+24
bc(1/1/1/1/1/1/1/1/1)cc=2.73441e+21
