h(,0):,heur is GAPDB,mutation_rate:0.9000000,size=2000000,with disjoint patterns
h(,1):,heur is GAPDB,mutation_rate:0.4000000,size=2000000,with disjoint patterns
h(,2):,lmcut
h(,3):,heur is GAPDB,mutation_rate:0.2000000,size=2000000,without disjoint patterns
h(,4):,heur is GAPDB,mutation_rate:0.3000000,size=2000000,with disjoint patterns
h(,5):,heur is GAPDB,mutation_rate:0.7000000,size=2000000,without disjoint patterns
h(,6):,heur is GAPDB,mutation_rate:1.0000000,size=2000000,without disjoint patterns
h(,7):,ipdb
bc(1/0/0/0/0/0/0/0)cc=4.4548e+39
bc(0/1/0/0/0/0/0/0)cc=2.30282e+44
bc(0/0/0/0/0/1/0/0)cc=1.95315e+40
bc(0/0/0/0/0/0/1/0)cc=1.24138e+53
bc(1/0/0/0/0/0/1/0)cc=1.83784e+48
bc(0/1/0/0/0/0/1/0)cc=1.02878e+47
bc(1/1/0/0/0/0/1/0)cc=9.63868e+44
bc(0/0/0/0/0/1/1/0)cc=2.04264e+47
bc(0/0/0/0/0/0/0/1)cc=1.36402e+47
bc(1/0/0/0/0/0/0/1)cc=4.41977e+44
bc(0/1/0/0/0/0/0/1)cc=4.16253e+45
bc(1/1/0/0/0/0/0/1)cc=1.21408e+43
bc(1/0/1/0/0/0/0/1)cc=1.84013e+42
bc(0/0/0/0/0/1/0/1)cc=2.82087e+45
bc(1/0/0/0/0/1/0/1)cc=7.9061e+41
bc(0/0/0/0/0/0/1/1)cc=3.54741e+48
bc(1/0/0/0/0/0/1/1)cc=1.84336e+47
bc(0/1/0/0/0/0/1/1)cc=2.75049e+47
bc(1/1/0/0/0/0/1/1)cc=4.53708e+45
bc(0/0/1/0/0/0/1/1)cc=2.46782e+44
bc(1/0/1/0/0/0/1/1)cc=1.30592e+43
bc(0/1/1/0/0/0/1/1)cc=2.17479e+45
bc(1/1/1/0/0/0/1/1)cc=1.73667e+44
bc(1/0/1/1/0/0/1/1)cc=1.60205e+39
bc(1/1/1/1/0/0/1/1)cc=6.30084e+40
bc(0/1/0/0/1/0/1/1)cc=2.16429e+41
bc(1/1/0/0/1/0/1/1)cc=2.08198e+44
bc(0/1/1/0/1/0/1/1)cc=7.56663e+42
bc(1/1/1/0/1/0/1/1)cc=3.57553e+42
bc(1/1/1/1/1/0/1/1)cc=1.64214e+40
bc(0/0/0/0/0/1/1/1)cc=3.31297e+47
bc(1/0/0/0/0/1/1/1)cc=1.22537e+45
bc(0/1/0/0/0/1/1/1)cc=2.00717e+46
bc(1/1/0/0/0/1/1/1)cc=4.38733e+44
bc(0/0/1/0/0/1/1/1)cc=1.72131e+45
bc(1/0/1/0/0/1/1/1)cc=1.45946e+43
bc(0/1/1/0/0/1/1/1)cc=1.27911e+45
bc(1/1/1/0/0/1/1/1)cc=1.55936e+44
bc(0/0/0/1/0/1/1/1)cc=3.9016e+37
bc(1/0/0/1/0/1/1/1)cc=8.49253e+37
bc(0/1/0/1/0/1/1/1)cc=1.65149e+41
bc(1/1/0/1/0/1/1/1)cc=4.35604e+42
bc(0/0/1/1/0/1/1/1)cc=4.78576e+36
bc(1/0/1/1/0/1/1/1)cc=1.66635e+40
bc(0/1/1/1/0/1/1/1)cc=3.49725e+42
bc(1/1/1/1/0/1/1/1)cc=1.17932e+43
bc(0/1/0/0/1/1/1/1)cc=1.01625e+42
bc(1/1/0/0/1/1/1/1)cc=1.4579e+43
bc(1/0/1/0/1/1/1/1)cc=2.48262e+40
bc(0/1/1/0/1/1/1/1)cc=8.149e+43
bc(1/1/1/0/1/1/1/1)cc=6.0481e+43
bc(1/1/0/1/1/1/1/1)cc=4.46017e+41
bc(1/0/1/1/1/1/1/1)cc=1.18678e+40
bc(0/1/1/1/1/1/1/1)cc=6.06705e+41
bc(1/1/1/1/1/1/1/1)cc=2.27333e+43
