h(,0):,heur is GAPDB,mutation_rate:0.3000000,size=2000000,with disjoint patterns
h(,1):,heur is GAPDB,mutation_rate:0.9000000,size=2000000,with disjoint patterns
h(,2):,ipdb
h(,3):,heur is GAPDB,mutation_rate:0.6000000,size=2000000,without disjoint patterns
h(,4):,heur is GAPDB,mutation_rate:0.2000000,size=2000000,without disjoint patterns
h(,5):,heur is GAPDB,mutation_rate:1.0000000,size=2000000,without disjoint patterns
h(,6):,merge_and_shrink
h(,7):,lmcut
h(,8):,heur is GAPDB,mutation_rate:0.4000000,size=2000000,with disjoint patterns
h(,9):,heur is GAPDB,mutation_rate:0.7000000,size=2000000,without disjoint patterns
bc(1/0/0/0/0/0/0/0/0/0)cc=3.568e+34
bc(0/1/0/0/0/0/0/0/0/0)cc=3.22153e+34
bc(1/1/0/0/0/0/0/0/0/0)cc=2.86801e+37
bc(1/1/1/0/0/0/0/0/0/0)cc=6.25546e+24
bc(0/0/0/0/0/0/1/0/0/0)cc=2.65422e+40
bc(1/0/0/0/0/0/1/0/0/0)cc=1.6212e+40
bc(0/1/0/0/0/0/1/0/0/0)cc=2.42055e+40
bc(1/1/0/0/0/0/1/0/0/0)cc=1.31414e+40
bc(0/0/1/0/0/0/1/0/0/0)cc=2.86216e+37
bc(1/0/1/0/0/0/1/0/0/0)cc=9.54046e+36
bc(0/1/1/0/0/0/1/0/0/0)cc=8.34637e+37
bc(1/1/1/0/0/0/1/0/0/0)cc=5.87904e+38
bc(1/1/1/0/0/1/1/0/0/0)cc=7.93166e+25
bc(0/0/0/0/0/0/0/0/1/0)cc=1.68635e+32
bc(1/0/0/0/0/0/0/0/1/0)cc=1.12876e+31
bc(1/1/0/0/0/0/0/0/1/0)cc=6.04948e+29
bc(0/0/0/0/0/0/1/0/1/0)cc=1.04799e+31
bc(1/0/0/0/0/0/1/0/1/0)cc=1.94482e+31
bc(1/1/0/0/0/0/1/0/1/0)cc=7.14624e+30
bc(1/1/1/0/0/0/1/0/1/0)cc=3.03371e+30
bc(1/1/1/0/1/0/1/0/1/0)cc=3.10384e+25
bc(1/1/1/0/0/1/1/0/1/0)cc=9.9674e+26
bc(1/1/1/0/0/0/1/1/1/0)cc=1.62473e+17
bc(1/1/1/0/1/0/1/1/1/0)cc=4.93806e+18
bc(1/1/1/0/0/1/1/1/1/0)cc=3.10442e+19
bc(1/1/1/0/1/1/1/1/1/0)cc=2.41168e+16
bc(0/0/0/0/0/0/0/0/0/1)cc=1.40106e+20
bc(1/0/0/0/0/0/1/0/0/1)cc=1.8044e+19
bc(1/1/0/0/0/0/1/0/0/1)cc=9.55271e+18
bc(1/1/1/0/0/0/1/0/0/1)cc=8.47735e+27
bc(1/1/1/0/0/0/1/0/1/1)cc=1.15665e+29
bc(1/1/1/0/1/0/1/0/1/1)cc=3.55095e+25
bc(1/1/1/0/0/1/1/0/1/1)cc=2.2772e+25
bc(1/1/1/1/0/1/1/0/1/1)cc=2.35533e+14
bc(1/1/1/0/1/1/1/0/1/1)cc=1.99506e+23
bc(1/1/1/1/1/1/1/0/1/1)cc=1.85202e+17
bc(1/1/1/0/0/0/1/1/1/1)cc=3.32442e+22
bc(1/1/1/0/1/0/1/1/1/1)cc=1.86376e+19
bc(1/1/1/0/0/1/1/1/1/1)cc=8.80878e+23
bc(1/1/1/1/0/1/1/1/1/1)cc=2.33261e+17
bc(1/1/1/0/1/1/1/1/1/1)cc=1.23234e+22
bc(1/1/1/1/1/1/1/1/1/1)cc=5.28844e+22
