h(,0):,heur is GAPDB,mutation_rate:0.5000000,size=50000,without disjoint patterns
h(,1):,heur is GAPDB,mutation_rate:0.8000000,size=2000000,without disjoint patterns
h(,2):,heur is GAPDB,mutation_rate:1.0000000,size=2000000,with disjoint patterns
h(,3):,heur is GAPDB,mutation_rate:0.6000000,size=2000000,with disjoint patterns
h(,4):,heur is GAPDB,mutation_rate:0.4000000,size=2000000,without disjoint patterns
h(,5):,heur is GAPDB,mutation_rate:0.2000000,size=2000000,without disjoint patterns
bc(1/0/0/0/0/0)cc=3.54359e+10
bc(0/1/0/0/0/0)cc=3.49113e+09
bc(1/1/0/0/0/0)cc=1.6652e+08
bc(0/0/1/0/0/0)cc=1.30702e+08
bc(1/0/1/0/0/0)cc=4.49818e+07
bc(0/1/1/0/0/0)cc=2.34839e+07
bc(1/1/1/0/0/0)cc=1.82925e+07
bc(0/0/0/1/0/0)cc=5.0558e+07
bc(1/0/0/1/0/0)cc=3.97332e+07
bc(0/1/0/1/0/0)cc=365597
bc(1/1/0/1/0/0)cc=26126.1
bc(0/0/1/1/0/0)cc=3.21506e+06
bc(1/0/1/1/0/0)cc=3.64826e+06
bc(0/1/1/1/0/0)cc=42108.7
bc(1/1/1/1/0/0)cc=516519
bc(0/0/0/0/1/0)cc=6.37108e+09
bc(1/0/0/0/1/0)cc=9.56813e+07
bc(0/1/0/0/1/0)cc=3.41131e+07
bc(1/1/0/0/1/0)cc=2.77038e+06
bc(0/0/1/0/1/0)cc=1.95574e+07
bc(1/0/1/0/1/0)cc=4.94638e+06
bc(0/1/1/0/1/0)cc=4.31822e+06
bc(1/1/1/0/1/0)cc=1.85666e+06
bc(1/0/0/1/1/0)cc=1.12182e+06
bc(1/0/1/1/1/0)cc=125369
bc(1/1/1/1/1/0)cc=32167.6
bc(0/0/0/1/0/1)cc=7.87719e+09
bc(1/0/0/1/0/1)cc=7.03773e+08
bc(0/1/0/1/0/1)cc=4.31472e+07
bc(1/1/0/1/0/1)cc=1.90581e+06
bc(0/0/1/1/0/1)cc=7.73258e+07
bc(1/0/1/1/0/1)cc=3.30122e+07
bc(0/1/1/1/0/1)cc=1.97681e+07
bc(1/1/1/1/0/1)cc=2.24836e+06
bc(0/0/0/1/1/1)cc=4.03751e+09
bc(1/0/0/1/1/1)cc=5.06251e+08
bc(0/1/0/1/1/1)cc=1.02301e+08
bc(1/1/0/1/1/1)cc=1.13262e+07
bc(0/0/1/1/1/1)cc=1.03715e+10
bc(1/0/1/1/1/1)cc=3.13729e+08
bc(0/1/1/1/1/1)cc=4.11844e+08
bc(1/1/1/1/1/1)cc=3.05826e+07
