h(,0):,heur is GAPDB,mutation_rate:0.4000000,size=2000000,without disjoint patterns
h(,1):,heur is GAPDB,mutation_rate:0.6000000,size=2000000,with disjoint patterns
h(,2):,heur is GAPDB,mutation_rate:0.5000000,size=50000,without disjoint patterns
h(,3):,heur is GAPDB,mutation_rate:0.2000000,size=2000000,without disjoint patterns
h(,4):,heur is GAPDB,mutation_rate:0.8000000,size=2000000,without disjoint patterns
h(,5):,heur is GAPDB,mutation_rate:1.0000000,size=2000000,with disjoint patterns
bc(1/0/0/0/0/0)cc=2.16996e+14
bc(0/1/0/0/0/0)cc=2.08059e+15
bc(1/1/0/0/0/0)cc=1.17835e+08
bc(0/0/1/0/0/0)cc=1.89527e+14
bc(1/0/1/0/0/0)cc=1.85889e+11
bc(0/1/1/0/0/0)cc=1.08251e+14
bc(1/1/1/0/0/0)cc=1.43724e+11
bc(0/0/0/1/0/0)cc=1.86366e+16
bc(1/0/0/1/0/0)cc=1.70075e+13
bc(0/1/0/1/0/0)cc=1.18255e+15
bc(1/1/0/1/0/0)cc=3.61918e+12
bc(0/0/1/1/0/0)cc=1.90385e+12
bc(1/0/1/1/0/0)cc=8.44203e+08
bc(0/1/1/1/0/0)cc=1.82228e+13
bc(1/1/1/1/0/0)cc=3.44846e+11
bc(0/0/0/0/1/0)cc=3.59177e+14
bc(1/0/0/0/1/0)cc=1.03682e+11
bc(0/1/0/0/1/0)cc=8.07367e+13
bc(1/1/0/0/1/0)cc=4.3718e+10
bc(0/0/1/0/1/0)cc=1.04975e+14
bc(1/0/1/0/1/0)cc=3.42978e+08
bc(0/1/1/0/1/0)cc=7.42585e+13
bc(1/1/1/0/1/0)cc=2.3612e+13
bc(0/0/0/1/1/0)cc=2.96371e+13
bc(1/0/0/1/1/0)cc=4.93228e+12
bc(0/1/0/1/1/0)cc=3.473e+11
bc(1/1/0/1/1/0)cc=1.88605e+14
bc(0/0/1/1/1/0)cc=5.09081e+13
bc(1/0/1/1/1/0)cc=7.05005e+10
bc(0/1/1/1/1/0)cc=8.28464e+12
bc(1/1/1/1/1/0)cc=8.47867e+13
bc(0/0/0/0/0/1)cc=1.30622e+12
bc(1/0/0/0/0/1)cc=3.62896e+06
bc(0/1/0/0/0/1)cc=8.02993e+06
bc(0/0/1/0/0/1)cc=7.83656e+11
bc(1/0/1/0/0/1)cc=337191
bc(0/1/1/0/0/1)cc=3.05451e+10
bc(1/1/1/0/0/1)cc=369687
bc(0/0/0/1/0/1)cc=3.21756e+11
bc(1/0/0/1/0/1)cc=2.88905e+07
bc(0/1/0/1/0/1)cc=8.78374e+08
bc(0/0/1/1/0/1)cc=1.40458e+12
bc(1/0/1/1/0/1)cc=4.73036e+08
bc(0/1/1/1/0/1)cc=4.455e+11
bc(1/1/1/1/0/1)cc=7.37834e+07
bc(0/0/0/0/1/1)cc=7.30909e+07
bc(1/0/0/0/1/1)cc=2.43072e+06
bc(0/1/0/0/1/1)cc=8.9323e+09
bc(1/1/0/0/1/1)cc=2.30393e+08
bc(0/0/1/0/1/1)cc=6.20227e+10
bc(1/0/1/0/1/1)cc=1.79519e+07
bc(0/1/1/0/1/1)cc=3.19095e+11
bc(1/1/1/0/1/1)cc=1.48551e+11
bc(0/0/0/1/1/1)cc=1.78465e+14
bc(1/0/0/1/1/1)cc=601.756
bc(0/1/0/1/1/1)cc=3.31296e+10
bc(1/1/0/1/1/1)cc=3.24388e+10
bc(0/0/1/1/1/1)cc=5.70808e+10
bc(1/0/1/1/1/1)cc=1.89267e+06
bc(0/1/1/1/1/1)cc=7.9731e+10
bc(1/1/1/1/1/1)cc=3.49928e+12
