h(,0):,heur is GAPDB,mutation_rate:0.5000000,size=50000,without disjoint patterns
h(,1):,heur is GAPDB,mutation_rate:0.6000000,size=20000,with disjoint patterns
h(,2):,heur is GAPDB,mutation_rate:1.0000000,size=20000,with disjoint patterns
h(,3):,heur is GAPDB,mutation_rate:0.2000000,size=20000,without disjoint patterns
h(,4):,heur is GAPDB,mutation_rate:0.8000000,size=20000,without disjoint patterns
h(,5):,heur is GAPDB,mutation_rate:0.4000000,size=20000,without disjoint patterns
bc(1/0/0/0/0/0)cc=1.30624e+15
bc(0/1/0/0/0/0)cc=3.97616e+17
bc(1/1/0/0/0/0)cc=2.26178e+13
bc(0/0/1/0/0/0)cc=2.54036e+15
bc(1/0/1/0/0/0)cc=1.03131e+13
bc(0/1/1/0/0/0)cc=1.32544e+13
bc(1/1/1/0/0/0)cc=5.94414e+12
bc(0/0/0/1/0/0)cc=1.46087e+12
bc(1/0/0/1/0/0)cc=4.17729e+09
bc(0/1/0/1/0/0)cc=2.33437e+11
bc(1/1/0/1/0/0)cc=9.08139e+09
bc(0/0/1/1/0/0)cc=7.64103e+09
bc(1/0/1/1/0/0)cc=1.94097e+09
bc(0/1/1/1/0/0)cc=3.99402e+09
bc(1/1/1/1/0/0)cc=1.87913e+09
bc(0/0/0/0/1/0)cc=1.80789e+16
bc(1/0/0/0/1/0)cc=1.65098e+11
bc(0/1/0/0/1/0)cc=1.31047e+14
bc(1/1/0/0/1/0)cc=4.91142e+11
bc(0/0/1/0/1/0)cc=3.51869e+14
bc(1/0/1/0/1/0)cc=2.86541e+11
bc(0/1/1/0/1/0)cc=3.0192e+12
bc(1/1/1/0/1/0)cc=7.43839e+11
bc(0/0/0/1/1/0)cc=2.46092e+11
bc(1/0/0/1/1/0)cc=8.4649e+08
bc(0/1/0/1/1/0)cc=1.07246e+11
bc(1/1/0/1/1/0)cc=4.29633e+09
bc(0/0/1/1/1/0)cc=3.57598e+09
bc(1/0/1/1/1/0)cc=1.13745e+09
bc(0/1/1/1/1/0)cc=3.6007e+10
bc(1/1/1/1/1/0)cc=4.75933e+09
bc(0/0/0/0/0/1)cc=1.81579e+12
bc(1/0/0/0/0/1)cc=3.79184e+09
bc(0/1/0/0/0/1)cc=2.48258e+11
bc(1/1/0/0/0/1)cc=1.36298e+10
bc(0/0/1/0/0/1)cc=2.15713e+09
bc(1/0/1/0/0/1)cc=1.44204e+09
bc(0/1/1/0/0/1)cc=5.11385e+08
bc(1/1/1/0/0/1)cc=2.87103e+09
bc(0/0/0/1/0/1)cc=1.93851e+11
bc(1/0/0/1/0/1)cc=4.23374e+08
bc(0/1/0/1/0/1)cc=4.77561e+10
bc(1/1/0/1/0/1)cc=2.82217e+09
bc(0/0/1/1/0/1)cc=9.63896e+08
bc(1/0/1/1/0/1)cc=9.25467e+08
bc(0/1/1/1/0/1)cc=1.58822e+08
bc(1/1/1/1/0/1)cc=1.36506e+09
bc(0/0/0/0/1/1)cc=1.02395e+10
bc(1/0/0/0/1/1)cc=5.60081e+07
bc(0/1/0/0/1/1)cc=1.27134e+10
bc(1/1/0/0/1/1)cc=2.16251e+08
bc(0/0/1/0/1/1)cc=5.17273e+08
bc(1/0/1/0/1/1)cc=1.57801e+07
bc(0/1/1/0/1/1)cc=1.33808e+10
bc(1/1/1/0/1/1)cc=6.79875e+08
bc(0/0/0/1/1/1)cc=3.46081e+10
bc(1/0/0/1/1/1)cc=4.82833e+07
bc(0/1/0/1/1/1)cc=2.4178e+10
bc(1/1/0/1/1/1)cc=2.19867e+09
bc(0/0/1/1/1/1)cc=5.91141e+07
bc(1/0/1/1/1/1)cc=3.01957e+08
bc(0/1/1/1/1/1)cc=1.85825e+10
bc(1/1/1/1/1/1)cc=2.25788e+09
