h(,0):,heur is GAPDB,mutation_rate:1.0000000,size=20000,with disjoint patterns
h(,1):,heur is GAPDB,mutation_rate:0.6000000,size=20000,with disjoint patterns
h(,2):,heur is GAPDB,mutation_rate:0.4000000,size=20000,without disjoint patterns
h(,3):,heur is GAPDB,mutation_rate:0.2000000,size=20000,without disjoint patterns
h(,4):,heur is GAPDB,mutation_rate:0.8000000,size=20000,without disjoint patterns
h(,5):,heur is GAPDB,mutation_rate:0.5000000,size=50000,without disjoint patterns
bc(1/0/0/0/0/0)cc=9.39862e+09
bc(0/1/0/0/0/0)cc=1.41895e+11
bc(1/1/0/0/0/0)cc=1.12079e+09
bc(0/0/1/0/0/0)cc=1.9272e+08
bc(1/0/1/0/0/0)cc=8.46261e+06
bc(0/1/1/0/0/0)cc=3.1987e+07
bc(1/1/1/0/0/0)cc=1.79961e+07
bc(0/0/0/1/0/0)cc=1.47741e+08
bc(1/0/0/1/0/0)cc=2.7016e+06
bc(0/1/0/1/0/0)cc=8.44357e+07
bc(1/1/0/1/0/0)cc=3.10806e+07
bc(0/0/1/1/0/0)cc=4.03226e+06
bc(1/0/1/1/0/0)cc=157645
bc(0/1/1/1/0/0)cc=1.30485e+07
bc(1/1/1/1/0/0)cc=4.44747e+06
bc(0/0/0/0/1/0)cc=6.39888e+09
bc(1/0/0/0/1/0)cc=4.53986e+08
bc(0/1/0/0/1/0)cc=3.37527e+07
bc(1/1/0/0/1/0)cc=7.14541e+07
bc(0/0/1/0/1/0)cc=1.31256e+07
bc(1/0/1/0/1/0)cc=3.62504e+06
bc(0/1/1/0/1/0)cc=1.1022e+06
bc(1/1/1/0/1/0)cc=3.18843e+06
bc(0/0/0/1/1/0)cc=7.25834e+06
bc(1/0/0/1/1/0)cc=1.23242e+06
bc(0/1/0/1/1/0)cc=8.20901e+06
bc(1/1/0/1/1/0)cc=5.11324e+06
bc(0/0/1/1/1/0)cc=85471.3
bc(1/0/1/1/1/0)cc=64870.7
bc(0/1/1/1/1/0)cc=1.80607e+06
bc(1/1/1/1/1/0)cc=1.24904e+06
bc(0/0/0/0/0/1)cc=3.94624e+09
bc(1/0/0/0/0/1)cc=1.46554e+08
bc(0/1/0/0/0/1)cc=3.29281e+08
bc(1/1/0/0/0/1)cc=3.08131e+08
bc(0/0/1/0/0/1)cc=5.67244e+06
bc(1/0/1/0/0/1)cc=1.38807e+06
bc(0/1/1/0/0/1)cc=9.49171e+06
bc(1/1/1/0/0/1)cc=5.30675e+06
bc(0/0/0/1/0/1)cc=338939
bc(1/0/0/1/0/1)cc=857285
bc(0/1/0/1/0/1)cc=1.01111e+07
bc(1/1/0/1/0/1)cc=5.40078e+06
bc(0/0/1/1/0/1)cc=20752.5
bc(1/0/1/1/0/1)cc=45321.1
bc(0/1/1/1/0/1)cc=1.71237e+06
bc(1/1/1/1/0/1)cc=1.37588e+06
bc(0/0/0/0/1/1)cc=1.94705e+08
bc(1/0/0/0/1/1)cc=4.55657e+07
bc(0/1/0/0/1/1)cc=3.46277e+07
bc(1/1/0/0/1/1)cc=4.54421e+07
bc(0/0/1/0/1/1)cc=1.15706e+06
bc(1/0/1/0/1/1)cc=6.33306e+06
bc(0/1/1/0/1/1)cc=1.18076e+06
bc(1/1/1/0/1/1)cc=3.56568e+06
bc(0/0/0/1/1/1)cc=279720
bc(1/0/0/1/1/1)cc=708245
bc(0/1/0/1/1/1)cc=1.67058e+06
bc(1/1/0/1/1/1)cc=5.76825e+06
bc(0/0/1/1/1/1)cc=12865.5
bc(1/0/1/1/1/1)cc=234985
bc(0/1/1/1/1/1)cc=275193
bc(1/1/1/1/1/1)cc=2.61087e+06
