h(,0):,heur is GAPDB,mutation_rate:0.6000000,size=20000,with disjoint patterns
h(,1):,heur is GAPDB,mutation_rate:1.0000000,size=20000,with disjoint patterns
h(,2):,heur is GAPDB,mutation_rate:0.4000000,size=20000,without disjoint patterns
h(,3):,heur is GAPDB,mutation_rate:0.8000000,size=20000,without disjoint patterns
h(,4):,heur is GAPDB,mutation_rate:0.5000000,size=50000,without disjoint patterns
h(,5):,heur is GAPDB,mutation_rate:0.2000000,size=20000,without disjoint patterns
bc(1/0/0/0/0/0)cc=2.66369e+12
bc(0/1/0/0/0/0)cc=3.55313e+11
bc(1/1/0/0/0/0)cc=3.25917e+10
bc(0/0/1/0/0/0)cc=7.16768e+08
bc(1/0/1/0/0/0)cc=6.5066e+07
bc(0/1/1/0/0/0)cc=2.53015e+08
bc(1/1/1/0/0/0)cc=1.20296e+08
bc(0/0/0/1/0/0)cc=2.68707e+11
bc(1/0/0/1/0/0)cc=4.58436e+10
bc(0/1/0/1/0/0)cc=3.11011e+09
bc(1/1/0/1/0/0)cc=3.83472e+09
bc(0/0/1/1/0/0)cc=4.36269e+08
bc(1/0/1/1/0/0)cc=9.25937e+07
bc(0/1/1/1/0/0)cc=7.00183e+07
bc(1/1/1/1/0/0)cc=1.04801e+08
bc(0/0/0/0/1/0)cc=9.26816e+10
bc(1/0/0/0/1/0)cc=9.43936e+09
bc(0/1/0/0/1/0)cc=1.27753e+10
bc(1/1/0/0/1/0)cc=1.23255e+10
bc(0/0/1/0/1/0)cc=3.10748e+06
bc(1/0/1/0/1/0)cc=1.01201e+06
bc(0/1/1/0/1/0)cc=7.33717e+07
bc(1/1/1/0/1/0)cc=3.45342e+07
bc(0/0/0/1/1/0)cc=1.77349e+10
bc(1/0/0/1/1/0)cc=3.98231e+09
bc(0/1/0/1/1/0)cc=2.53663e+09
bc(1/1/0/1/1/0)cc=5.47625e+09
bc(0/0/1/1/1/0)cc=4.173e+07
bc(1/0/1/1/1/0)cc=1.31114e+08
bc(0/1/1/1/1/0)cc=7.53441e+07
bc(1/1/1/1/1/0)cc=1.60797e+08
bc(0/0/0/0/0/1)cc=4.87293e+06
bc(1/0/0/0/0/1)cc=14577.5
bc(0/1/0/0/0/1)cc=2.10722e+06
bc(1/1/0/0/0/1)cc=3.93115e+06
bc(0/0/1/0/0/1)cc=317590
bc(0/1/1/0/0/1)cc=1.08656e+06
bc(1/1/1/0/0/1)cc=1.43046e+06
bc(0/0/0/1/0/1)cc=1.91537e+06
bc(1/0/0/1/0/1)cc=770743
bc(0/1/0/1/0/1)cc=1.85139e+07
bc(1/1/0/1/0/1)cc=2.10976e+07
bc(0/1/1/1/0/1)cc=1.3052e+07
bc(1/1/1/1/0/1)cc=1.16365e+07
bc(0/0/0/0/1/1)cc=178490
bc(0/1/0/0/1/1)cc=1.84056e+06
bc(1/1/0/0/1/1)cc=1.73331e+06
bc(0/1/1/0/1/1)cc=337381
bc(1/1/1/0/1/1)cc=476952
bc(0/0/0/1/1/1)cc=184201
bc(0/1/0/1/1/1)cc=5.80759e+06
bc(1/1/0/1/1/1)cc=3.25669e+07
bc(0/1/1/1/1/1)cc=6.52963e+06
bc(1/1/1/1/1/1)cc=2.83171e+07
