h(,0):,heur is GAPDB,mutation_rate:0.4000000,size=2000000,with disjoint patterns
h(,1):,ipdb
h(,2):,heur is GAPDB,mutation_rate:1.0000000,size=2000000,without disjoint patterns
h(,3):,heur is GAPDB,mutation_rate:0.7000000,size=2000000,without disjoint patterns
h(,4):,heur is GAPDB,mutation_rate:0.3000000,size=2000000,with disjoint patterns
h(,5):,lmcut
h(,6):,heur is GAPDB,mutation_rate:0.2000000,size=2000000,without disjoint patterns
h(,7):,heur is GAPDB,mutation_rate:0.6000000,size=2000000,without disjoint patterns
h(,8):,heur is GAPDB,mutation_rate:0.9000000,size=2000000,with disjoint patterns
bc(0/1/0/0/0/0/0/0/0)cc=4.70024e+28
bc(0/0/1/0/0/0/0/0/0)cc=1.12657e+23
bc(0/0/0/1/0/0/0/0/0)cc=1.62777e+26
bc(0/0/0/0/1/0/0/0/0)cc=3.41914e+21
bc(0/1/0/0/1/0/0/0/0)cc=1.50312e+27
bc(0/0/0/0/0/1/0/0/0)cc=5.21023e+25
bc(0/0/0/1/0/1/0/0/0)cc=1.08211e+25
bc(0/0/1/1/0/1/0/0/0)cc=1.28363e+23
bc(0/0/0/1/0/0/0/1/0)cc=7.81491e+18
bc(0/0/0/1/0/0/1/1/0)cc=1.0223e+16
bc(1/0/0/1/0/0/1/1/0)cc=4.92563e+17
bc(1/0/0/1/1/1/1/1/0)cc=2.11596e+20
bc(0/0/0/0/0/0/0/0/1)cc=1.69109e+19
bc(1/0/1/0/0/0/0/0/1)cc=2.21956e+19
bc(0/0/0/1/0/0/0/0/1)cc=5.60891e+24
bc(0/0/1/1/0/0/0/0/1)cc=4.74346e+24
bc(1/0/1/1/0/0/0/0/1)cc=8.06063e+21
bc(0/0/0/0/1/0/0/0/1)cc=5.62115e+21
bc(0/1/0/0/1/0/0/0/1)cc=9.81616e+24
bc(0/0/1/1/1/0/0/0/1)cc=2.42545e+21
bc(0/0/0/0/0/1/0/0/1)cc=1.58655e+22
bc(0/0/0/1/0/1/0/0/1)cc=1.47132e+23
bc(0/0/1/1/0/1/0/0/1)cc=5.1266e+24
bc(1/0/1/1/0/1/0/0/1)cc=1.80728e+22
bc(0/0/0/1/1/0/1/0/1)cc=3.03375e+21
bc(0/0/1/1/1/0/1/0/1)cc=2.85835e+16
bc(1/0/1/1/1/0/1/0/1)cc=2.83617e+19
bc(0/1/1/1/1/0/1/0/1)cc=3.4502e+19
bc(1/0/1/1/0/1/1/0/1)cc=4.80725e+23
bc(1/0/1/1/0/0/0/1/1)cc=1.34157e+20
bc(1/0/1/1/1/0/0/1/1)cc=2.78591e+22
bc(0/0/0/1/0/1/0/1/1)cc=4.2308e+21
bc(1/0/1/1/0/1/0/1/1)cc=1.24684e+22
bc(1/0/1/1/1/1/0/1/1)cc=5.11392e+20
bc(0/1/0/1/1/0/1/1/1)cc=4.60026e+19
bc(1/0/1/1/1/0/1/1/1)cc=5.98516e+23
bc(1/1/1/1/1/0/1/1/1)cc=4.47619e+24
bc(1/0/1/1/0/1/1/1/1)cc=1.39616e+23
bc(1/0/1/1/1/1/1/1/1)cc=2.33084e+24
bc(1/1/1/1/1/1/1/1/1)cc=2.82895e+21
