h(,0):,heur is GAPDB,mutation_rate:0.4000000,size=2000000,without disjoint patterns
h(,1):,heur is GAPDB,mutation_rate:0.6000000,size=2000000,with disjoint patterns
h(,2):,heur is GAPDB,mutation_rate:0.5000000,size=50000,without disjoint patterns
h(,3):,heur is GAPDB,mutation_rate:0.2000000,size=2000000,without disjoint patterns
h(,4):,heur is GAPDB,mutation_rate:0.8000000,size=2000000,without disjoint patterns
h(,5):,heur is GAPDB,mutation_rate:1.0000000,size=2000000,with disjoint patterns
bc(1/0/0/0/0/0)cc=3.04075e+14
bc(0/1/0/0/0/0)cc=9.63078e+15
bc(1/1/0/0/0/0)cc=1.71109e+09
bc(0/0/1/0/0/0)cc=3.17423e+14
bc(1/0/1/0/0/0)cc=1.84724e+11
bc(0/1/1/0/0/0)cc=2.21952e+13
bc(1/1/1/0/0/0)cc=8.74472e+09
bc(0/0/0/1/0/0)cc=2.22985e+16
bc(1/0/0/1/0/0)cc=1.4671e+13
bc(0/1/0/1/0/0)cc=6.78933e+15
bc(1/1/0/1/0/0)cc=4.05311e+12
bc(0/0/1/1/0/0)cc=6.24406e+12
bc(1/0/1/1/0/0)cc=6.6791e+08
bc(0/1/1/1/0/0)cc=3.57299e+13
bc(1/1/1/1/0/0)cc=8.77184e+11
bc(0/0/0/0/1/0)cc=5.20145e+14
bc(1/0/0/0/1/0)cc=2.48776e+11
bc(0/1/0/0/1/0)cc=4.71208e+14
bc(1/1/0/0/1/0)cc=1.82794e+11
bc(0/0/1/0/1/0)cc=1.2266e+14
bc(1/0/1/0/1/0)cc=3.52181e+07
bc(0/1/1/0/1/0)cc=1.44301e+14
bc(1/1/1/0/1/0)cc=1.42972e+13
bc(0/0/0/1/1/0)cc=4.20632e+13
bc(1/0/0/1/1/0)cc=1.33035e+12
bc(0/1/0/1/1/0)cc=2.17529e+12
bc(1/1/0/1/1/0)cc=9.62443e+14
bc(0/0/1/1/1/0)cc=9.99659e+13
bc(1/0/1/1/1/0)cc=1.94087e+11
bc(0/1/1/1/1/0)cc=3.35883e+12
bc(1/1/1/1/1/0)cc=2.73207e+14
bc(0/0/0/0/0/1)cc=4.80637e+11
bc(1/0/0/0/0/1)cc=331830
bc(0/1/0/0/0/1)cc=2.27665e+10
bc(0/0/1/0/0/1)cc=5.95668e+11
bc(1/0/1/0/0/1)cc=2.13589e+06
bc(0/1/1/0/0/1)cc=3.27187e+10
bc(1/1/1/0/0/1)cc=126882
bc(0/0/0/1/0/1)cc=8.86906e+10
bc(1/0/0/1/0/1)cc=3.81542e+08
bc(0/1/0/1/0/1)cc=2.37202e+10
bc(0/0/1/1/0/1)cc=1.35099e+12
bc(1/0/1/1/0/1)cc=2.95241e+09
bc(0/1/1/1/0/1)cc=3.30274e+11
bc(1/1/1/1/0/1)cc=2.22238e+08
bc(0/0/0/0/1/1)cc=1.5022e+10
bc(1/0/0/0/1/1)cc=468994
bc(0/1/0/0/1/1)cc=1.72203e+07
bc(1/1/0/0/1/1)cc=3.6467e+07
bc(0/0/1/0/1/1)cc=5.3896e+10
bc(1/0/1/0/1/1)cc=5.11235e+06
bc(0/1/1/0/1/1)cc=1.45287e+12
bc(1/1/1/0/1/1)cc=6.84518e+10
bc(0/0/0/1/1/1)cc=2.70722e+14
bc(1/0/0/1/1/1)cc=5921.35
bc(0/1/0/1/1/1)cc=2.94127e+11
bc(1/1/0/1/1/1)cc=5.12436e+09
bc(0/0/1/1/1/1)cc=5.34411e+10
bc(1/0/1/1/1/1)cc=664203
bc(0/1/1/1/1/1)cc=5.18484e+10
bc(1/1/1/1/1/1)cc=4.9095e+12
