h(,0):,heur is GAPDB,mutation_rate:1.0000000,size=2000000,without disjoint patterns
h(,1):,lmcut
h(,2):,ipdb
h(,3):,heur is GAPDB,mutation_rate:0.4000000,size=2000000,with disjoint patterns
h(,4):,heur is GAPDB,mutation_rate:0.3000000,size=2000000,with disjoint patterns
h(,5):,heur is GAPDB,mutation_rate:0.2000000,size=2000000,without disjoint patterns
bc(1/0/0/0/0/0)cc=1.93814e+40
bc(0/0/1/0/0/0)cc=3.06762e+43
bc(1/0/1/0/0/0)cc=1.29041e+40
bc(0/0/0/1/0/0)cc=2.86135e+39
bc(1/0/0/1/0/0)cc=1.1979e+37
bc(0/0/1/1/0/0)cc=2.74541e+38
bc(1/0/1/1/0/0)cc=2.64927e+40
bc(0/0/0/0/1/0)cc=3.40038e+43
bc(1/0/0/0/1/0)cc=2.44117e+42
bc(0/0/1/0/1/0)cc=9.21826e+40
bc(1/0/1/0/1/0)cc=4.44052e+39
bc(0/0/0/1/1/0)cc=3.36724e+41
bc(1/0/0/1/1/0)cc=8.28857e+42
bc(0/0/1/1/1/0)cc=1.19605e+42
bc(1/0/1/1/1/0)cc=3.21549e+40
bc(0/0/0/0/0/1)cc=1.35131e+39
bc(1/0/0/0/0/1)cc=3.90123e+37
bc(0/0/1/0/0/1)cc=5.1041e+40
bc(1/0/1/0/0/1)cc=1.43399e+39
bc(0/0/0/1/0/1)cc=1.1108e+32
bc(1/0/0/1/0/1)cc=1.77945e+39
bc(0/0/1/1/0/1)cc=3.34103e+36
bc(1/0/1/1/0/1)cc=2.54657e+39
bc(0/0/0/0/1/1)cc=2.46896e+38
bc(1/0/0/0/1/1)cc=9.4217e+42
bc(0/0/1/0/1/1)cc=3.74896e+40
bc(1/0/1/0/1/1)cc=6.02091e+39
bc(0/0/0/1/1/1)cc=5.51082e+40
bc(1/0/0/1/1/1)cc=1.10648e+43
bc(0/0/1/1/1/1)cc=3.26446e+40
bc(1/0/1/1/1/1)cc=3.58531e+41
bc(1/1/1/1/1/1)cc=5.60766e+29
