h(,0):,heur is GAPDB,mutation_rate:0.3000000,size=2000000,with disjoint patterns
h(,1):,lmcut
h(,2):,ipdb
h(,3):,heur is GAPDB,mutation_rate:0.7000000,size=2000000,without disjoint patterns
h(,4):,heur is GAPDB,mutation_rate:0.4000000,size=2000000,with disjoint patterns
h(,5):,merge_and_shrink
h(,6):,heur is GAPDB,mutation_rate:1.0000000,size=2000000,without disjoint patterns
h(,7):,heur is GAPDB,mutation_rate:0.2000000,size=2000000,without disjoint patterns
h(,8):,heur is GAPDB,mutation_rate:0.9000000,size=2000000,with disjoint patterns
bc(1/0/0/0/0/0/0/0/0)cc=6.01629e+06
bc(0/0/0/0/1/0/0/0/0)cc=3.30659e+07
bc(0/0/0/0/0/0/1/0/0)cc=8.86583e+10
bc(1/0/0/0/0/0/1/0/0)cc=3.16817e+08
bc(0/0/0/1/0/0/1/0/0)cc=1.49522e+09
bc(1/0/0/1/0/0/1/0/0)cc=1.18361e+07
bc(0/0/0/1/1/0/1/0/0)cc=1.27139e+07
bc(1/0/0/1/1/0/1/0/0)cc=2.03977e+07
bc(0/0/0/0/0/0/0/1/0)cc=1.7906e+09
bc(1/0/0/0/0/0/0/1/0)cc=7.37328e+07
bc(1/0/0/0/1/0/0/1/0)cc=6.88854e+06
bc(1/0/0/0/0/1/0/1/0)cc=5.64418e+07
bc(1/0/1/0/0/1/0/1/0)cc=75391.7
bc(1/0/0/0/1/1/0/1/0)cc=1.53544e+07
bc(1/0/1/0/1/1/0/1/0)cc=1.56732e+06
bc(0/0/0/0/0/0/1/1/0)cc=3.15352e+09
bc(1/0/0/0/0/0/1/1/0)cc=2.45022e+09
bc(0/0/0/1/0/0/1/1/0)cc=2.36534e+08
bc(1/0/0/1/0/0/1/1/0)cc=8.48104e+07
bc(1/0/0/0/1/0/1/1/0)cc=2.61665e+08
bc(1/0/0/1/1/0/1/1/0)cc=2.57783e+08
bc(1/0/0/0/0/1/1/1/0)cc=1.63303e+08
bc(1/0/0/1/0/1/1/1/0)cc=5.14641e+07
bc(1/0/0/0/1/1/1/1/0)cc=2.32135e+08
bc(1/0/0/1/1/1/1/1/0)cc=8.52179e+07
bc(1/0/1/1/1/1/1/1/0)cc=511213
bc(0/0/0/1/0/0/1/0/1)cc=4.32107e+10
bc(0/0/0/1/1/0/1/0/1)cc=8.89546e+09
bc(1/0/0/1/1/0/1/0/1)cc=1.9248e+09
bc(1/0/1/1/1/1/1/0/1)cc=263494
bc(0/0/0/1/0/0/1/1/1)cc=15274.7
bc(1/0/0/1/0/0/1/1/1)cc=4.85632e+06
bc(0/0/0/1/1/0/1/1/1)cc=4.88018e+09
bc(1/0/0/1/1/0/1/1/1)cc=2.74246e+09
bc(0/1/0/1/1/0/1/1/1)cc=3.21661e+07
bc(1/1/0/1/1/0/1/1/1)cc=669005
bc(1/0/0/1/0/1/1/1/1)cc=1.35117e+07
bc(1/0/1/1/0/1/1/1/1)cc=909825
bc(1/0/0/1/1/1/1/1/1)cc=1.06466e+08
bc(1/1/0/1/1/1/1/1/1)cc=403700
bc(1/0/1/1/1/1/1/1/1)cc=4.91198e+08
bc(1/1/1/1/1/1/1/1/1)cc=1.28814e+07
