h(,0):,heur is GAPDB,mutation_rate:0.2000000,size=2000000,without disjoint patterns
h(,1):,heur is GAPDB,mutation_rate:0.3000000,size=2000000,with disjoint patterns
h(,2):,ipdb
h(,3):,heur is GAPDB,mutation_rate:0.6000000,size=2000000,without disjoint patterns
h(,4):,heur is GAPDB,mutation_rate:0.4000000,size=2000000,with disjoint patterns
h(,5):,heur is GAPDB,mutation_rate:1.0000000,size=2000000,without disjoint patterns
h(,6):,heur is GAPDB,mutation_rate:0.7000000,size=2000000,without disjoint patterns
h(,7):,lmcut
h(,8):,heur is GAPDB,mutation_rate:0.8000000,size=2000000,with disjoint patterns
h(,9):,heur is GAPDB,mutation_rate:0.9000000,size=2000000,with disjoint patterns
bc(1/0/0/0/0/0/0/0/0/0)cc=1.78003e+35
bc(0/0/0/0/1/0/0/0/0/0)cc=1.24189e+35
bc(1/0/0/0/1/0/0/0/0/0)cc=3.81362e+34
bc(0/0/0/0/0/0/1/0/0/0)cc=3.30651e+36
bc(1/0/0/0/0/0/1/0/0/0)cc=1.9733e+35
bc(0/1/0/0/0/0/1/0/0/0)cc=3.44925e+34
bc(1/1/0/0/0/0/1/0/0/0)cc=3.24795e+34
bc(0/0/0/0/1/0/1/0/0/0)cc=7.86786e+35
bc(1/0/0/0/1/0/1/0/0/0)cc=4.55653e+34
bc(0/1/0/0/1/0/1/0/0/0)cc=7.30978e+33
bc(1/1/0/0/1/0/1/0/0/0)cc=4.44107e+34
bc(0/0/0/1/1/0/1/0/0/0)cc=9.9427e+32
bc(0/0/0/0/0/1/1/0/0/0)cc=4.22565e+33
bc(1/0/0/0/0/1/1/0/0/0)cc=4.97135e+33
bc(1/1/0/0/0/1/1/0/0/0)cc=4.61321e+33
bc(1/1/0/1/0/1/1/0/0/0)cc=1.29493e+16
bc(1/0/0/0/1/1/1/0/0/0)cc=7.22524e+33
bc(1/1/0/0/1/1/1/0/0/0)cc=3.12727e+34
bc(1/0/0/1/1/1/1/0/0/0)cc=3.64865e+33
bc(1/1/0/1/1/1/1/0/0/0)cc=1.2962e+34
bc(0/0/0/0/0/0/0/0/1/0)cc=6.33847e+34
bc(0/0/0/0/0/1/1/0/1/0)cc=2.15684e+34
bc(0/0/0/0/1/1/1/0/1/0)cc=3.12591e+34
bc(1/0/0/0/1/1/1/0/1/0)cc=1.92445e+32
bc(1/1/0/0/1/1/1/0/1/0)cc=8.27798e+32
bc(1/0/0/1/1/1/1/0/1/0)cc=2.38117e+32
bc(1/1/0/1/1/1/1/0/1/0)cc=4.37276e+32
bc(0/0/0/0/0/0/1/0/0/1)cc=1.61293e+34
bc(0/0/0/0/1/0/1/0/0/1)cc=4.94925e+34
bc(1/0/0/0/0/1/1/0/0/1)cc=1.12244e+33
bc(1/1/0/0/0/1/1/0/0/1)cc=1.08953e+33
bc(1/0/0/1/0/1/1/0/0/1)cc=6.69967e+31
bc(1/0/0/0/1/1/1/0/0/1)cc=1.29049e+34
bc(1/1/0/0/1/1/1/0/0/1)cc=3.4731e+34
bc(1/0/0/1/1/1/1/0/0/1)cc=3.3276e+34
bc(1/1/0/1/1/1/1/0/0/1)cc=4.93023e+34
bc(1/1/0/0/0/1/1/0/1/1)cc=1.55355e+32
bc(1/0/0/0/1/1/1/0/1/1)cc=1.62241e+33
bc(1/1/0/0/1/1/1/0/1/1)cc=1.85638e+33
bc(1/0/0/1/1/1/1/0/1/1)cc=3.16222e+33
bc(1/1/0/1/1/1/1/0/1/1)cc=2.7675e+34
bc(1/1/1/1/1/1/1/0/1/1)cc=7.83634e+20
bc(1/1/0/1/1/1/1/1/1/1)cc=2.52749e+19
bc(1/1/1/1/1/1/1/1/1/1)cc=2.64394e+20
