h(,0):,heur is GAPDB,mutation_rate:0.4000000,size=2000000,with disjoint patterns
h(,1):,heur is GAPDB,mutation_rate:1.0000000,size=2000000,without disjoint patterns
h(,2):,heur is GAPDB,mutation_rate:0.2000000,size=2000000,without disjoint patterns
h(,3):,ipdb
h(,4):,lmcut
bc(1/0/0/0/0)cc=3.06474e+22
bc(0/1/0/0/0)cc=1.35532e+24
bc(1/1/0/0/0)cc=6.72215e+22
bc(0/0/1/0/0)cc=3.21201e+23
bc(1/0/1/0/0)cc=1.25794e+22
bc(0/1/1/0/0)cc=9.29831e+20
bc(1/1/1/0/0)cc=3.34785e+22
bc(0/0/0/1/0)cc=1.29418e+22
bc(1/0/0/1/0)cc=5.93873e+20
bc(0/1/0/1/0)cc=1.80928e+22
bc(1/1/0/1/0)cc=4.24343e+21
bc(0/0/1/1/0)cc=2.3306e+22
bc(1/0/1/1/0)cc=4.02462e+20
bc(0/1/1/1/0)cc=8.53413e+20
bc(1/1/1/1/0)cc=5.29068e+21
bc(0/0/0/0/1)cc=3.92543e+18
bc(1/0/0/0/1)cc=6.19328e+18
bc(0/1/0/0/1)cc=5.73074e+20
bc(1/1/0/0/1)cc=1.4277e+21
bc(0/0/1/0/1)cc=2.14709e+18
bc(1/0/1/0/1)cc=7.19511e+21
bc(0/1/1/0/1)cc=1.82688e+13
bc(1/1/1/0/1)cc=2.66339e+22
bc(0/0/0/1/1)cc=1.01185e+17
bc(1/0/0/1/1)cc=3.32478e+20
bc(0/1/0/1/1)cc=1.02478e+17
bc(1/1/0/1/1)cc=3.66337e+22
bc(0/0/1/1/1)cc=2.06048e+17
bc(1/0/1/1/1)cc=1.42633e+20
bc(0/1/1/1/1)cc=5.80056e+20
bc(1/1/1/1/1)cc=1.69352e+22
