h(,0):,heur is GAPDB,mutation_rate:0.4000000,size=2000000,without disjoint patterns
h(,1):,heur is GAPDB,mutation_rate:0.2000000,size=2000000,without disjoint patterns
h(,2):,heur is GAPDB,mutation_rate:0.5000000,size=50000,without disjoint patterns
h(,3):,heur is GAPDB,mutation_rate:0.6000000,size=2000000,with disjoint patterns
h(,4):,heur is GAPDB,mutation_rate:1.0000000,size=2000000,with disjoint patterns
h(,5):,heur is GAPDB,mutation_rate:0.8000000,size=2000000,without disjoint patterns
bc(1/0/0/0/0/0)cc=1.43088e+16
bc(0/1/0/0/0/0)cc=1.22425e+16
bc(1/1/0/0/0/0)cc=2.78082e+15
bc(0/0/1/0/0/0)cc=4.10388e+17
bc(1/0/1/0/0/0)cc=5.95295e+14
bc(0/1/1/0/0/0)cc=4.18017e+15
bc(1/1/1/0/0/0)cc=4.2289e+13
bc(0/0/0/1/0/0)cc=9.60027e+15
bc(1/0/0/1/0/0)cc=1.37654e+14
bc(0/1/0/1/0/0)cc=1.39304e+15
bc(1/1/0/1/0/0)cc=1.46092e+15
bc(0/0/1/1/0/0)cc=1.23814e+16
bc(1/0/1/1/0/0)cc=4.34213e+13
bc(0/1/1/1/0/0)cc=8.92074e+14
bc(1/1/1/1/0/0)cc=9.1837e+13
bc(0/0/0/0/1/0)cc=9.09894e+18
bc(1/0/0/0/1/0)cc=7.07385e+15
bc(0/1/0/0/1/0)cc=8.90016e+14
bc(1/1/0/0/1/0)cc=5.70299e+14
bc(0/0/1/0/1/0)cc=2.54298e+16
bc(1/0/1/0/1/0)cc=2.85844e+14
bc(0/1/1/0/1/0)cc=2.40889e+13
bc(1/1/1/0/1/0)cc=9.65447e+12
bc(0/0/0/1/1/0)cc=1.50495e+16
bc(1/0/0/1/1/0)cc=7.25753e+13
bc(0/1/0/1/1/0)cc=2.56734e+14
bc(1/1/0/1/1/0)cc=5.10105e+14
bc(0/0/1/1/1/0)cc=4.94476e+15
bc(1/0/1/1/1/0)cc=5.75182e+13
bc(0/1/1/1/1/0)cc=1.52434e+13
bc(1/1/1/1/1/0)cc=6.1577e+13
bc(0/0/0/0/0/1)cc=3.58587e+17
bc(1/0/0/0/0/1)cc=1.16127e+12
bc(0/1/0/0/0/1)cc=1.17136e+16
bc(1/1/0/0/0/1)cc=5.87376e+15
bc(0/0/1/0/0/1)cc=2.45571e+16
bc(1/0/1/0/0/1)cc=8.77273e+15
bc(0/1/1/0/0/1)cc=5.02068e+15
bc(1/1/1/0/0/1)cc=1.33142e+16
bc(0/0/0/1/0/1)cc=1.87445e+13
bc(1/0/0/1/0/1)cc=2.25955e+11
bc(0/1/0/1/0/1)cc=2.02469e+13
bc(1/1/0/1/0/1)cc=4.9951e+14
bc(0/0/1/1/0/1)cc=2.87792e+16
bc(1/0/1/1/0/1)cc=3.89932e+14
bc(0/1/1/1/0/1)cc=1.75209e+15
bc(1/1/1/1/0/1)cc=6.74525e+15
bc(0/0/0/0/1/1)cc=6.35337e+16
bc(1/0/0/0/1/1)cc=2.23223e+13
bc(0/1/0/0/1/1)cc=5.46375e+15
bc(1/1/0/0/1/1)cc=4.29147e+14
bc(0/0/1/0/1/1)cc=1.37716e+16
bc(1/0/1/0/1/1)cc=2.75501e+15
bc(0/1/1/0/1/1)cc=8.47247e+14
bc(1/1/1/0/1/1)cc=4.348e+15
bc(0/0/0/1/1/1)cc=6.92992e+15
bc(1/0/0/1/1/1)cc=3.66056e+14
bc(0/1/0/1/1/1)cc=2.21339e+15
bc(1/1/0/1/1/1)cc=1.22904e+15
bc(0/0/1/1/1/1)cc=6.04603e+16
bc(1/0/1/1/1/1)cc=9.85417e+15
bc(0/1/1/1/1/1)cc=1.46094e+19
bc(1/1/1/1/1/1)cc=6.02981e+15
