h(,0):,heur is GAPDB,mutation_rate:1.0000000,size=2000000,without disjoint patterns
h(,1):,lmcut
h(,2):,ipdb
h(,3):,heur is GAPDB,mutation_rate:0.4000000,size=2000000,with disjoint patterns
h(,4):,heur is GAPDB,mutation_rate:0.9000000,size=2000000,with disjoint patterns
h(,5):,heur is GAPDB,mutation_rate:0.2000000,size=2000000,without disjoint patterns
h(,6):,heur is GAPDB,mutation_rate:0.7000000,size=2000000,without disjoint patterns
h(,7):,heur is GAPDB,mutation_rate:0.3000000,size=2000000,with disjoint patterns
bc(0/0/0/0/1/0/0/0)cc=4.27331e+17
bc(0/0/0/0/0/1/0/0)cc=8.42435e+16
bc(0/0/0/1/0/1/0/0)cc=2.82834e+17
bc(0/0/0/0/1/1/0/0)cc=2.85177e+14
bc(0/0/0/1/1/1/0/0)cc=3.84168e+16
bc(0/0/0/0/0/1/1/0)cc=1.41419e+14
bc(0/0/0/1/0/1/1/0)cc=3.23968e+16
bc(0/0/0/0/1/1/1/0)cc=2.96026e+15
bc(0/0/0/1/1/1/1/0)cc=9.45005e+15
bc(0/0/0/0/0/0/0/1)cc=7.32186e+16
bc(1/0/0/0/0/0/0/1)cc=1.25488e+16
bc(0/0/0/0/1/0/0/1)cc=3.27066e+16
bc(1/0/0/0/1/0/0/1)cc=5.76891e+15
bc(0/1/0/0/1/0/0/1)cc=6.90781e+12
bc(0/0/0/0/0/1/0/1)cc=1.35702e+15
bc(1/0/0/0/0/1/0/1)cc=3.70516e+15
bc(0/0/0/1/0/1/0/1)cc=2.32862e+16
bc(1/0/0/1/0/1/0/1)cc=4.53471e+14
bc(0/0/0/0/1/1/0/1)cc=9.11006e+13
bc(1/0/0/0/1/1/0/1)cc=4.18042e+14
bc(0/1/0/0/1/1/0/1)cc=2.97956e+09
bc(1/1/0/0/1/1/0/1)cc=1.32663e+13
bc(0/0/0/1/1/1/0/1)cc=2.13718e+16
bc(1/0/0/1/1/1/0/1)cc=3.93481e+14
bc(0/1/0/1/1/1/0/1)cc=3.90547e+12
bc(0/0/0/0/0/1/1/1)cc=1.99525e+15
bc(1/0/0/0/0/1/1/1)cc=2.18547e+13
bc(0/0/0/1/0/1/1/1)cc=2.30499e+16
bc(1/0/0/1/0/1/1/1)cc=5.80547e+14
bc(0/0/0/0/1/1/1/1)cc=1.32559e+15
bc(1/0/0/0/1/1/1/1)cc=2.63898e+15
bc(0/0/0/1/1/1/1/1)cc=1.77692e+16
bc(1/0/0/1/1/1/1/1)cc=3.47283e+15
bc(0/1/0/1/1/1/1/1)cc=2.21632e+11
bc(1/1/0/1/1/1/1/1)cc=1.22253e+12
bc(1/0/1/1/1/1/1/1)cc=1.43897e+15
bc(1/1/1/1/1/1/1/1)cc=6.70086e+14
