h(,0):,heur is GAPDB,mutation_rate:0.9000000,size=2000000,with disjoint patterns
h(,1):,lmcut
h(,2):,heur is GAPDB,mutation_rate:1.0000000,size=2000000,without disjoint patterns
h(,3):,heur is GAPDB,mutation_rate:0.6000000,size=2000000,without disjoint patterns
h(,4):,heur is GAPDB,mutation_rate:0.2000000,size=2000000,without disjoint patterns
h(,5):,ipdb
h(,6):,heur is GAPDB,mutation_rate:0.4000000,size=2000000,with disjoint patterns
h(,7):,heur is GAPDB,mutation_rate:0.3000000,size=2000000,with disjoint patterns
h(,8):,heur is GAPDB,mutation_rate:0.7000000,size=2000000,without disjoint patterns
bc(1/0/0/0/0/0/0/0/0)cc=1.39806e+29
bc(0/1/0/0/0/0/0/0/0)cc=3.82554e+21
bc(0/0/0/0/1/0/0/0/0)cc=4.23533e+19
bc(0/0/0/0/0/0/1/0/0)cc=1.82384e+22
bc(0/0/0/0/0/0/0/1/0)cc=2.46694e+18
bc(1/0/0/0/0/0/0/1/0)cc=2.83054e+21
bc(1/0/0/0/1/0/0/1/0)cc=5.55708e+21
bc(1/0/1/0/1/0/0/1/0)cc=2.38503e+30
bc(1/0/1/1/1/0/0/1/0)cc=2.21824e+27
bc(0/0/0/0/0/0/0/0/1)cc=2.49587e+26
bc(1/0/0/0/0/0/0/0/1)cc=1.29568e+22
bc(0/1/0/0/0/0/0/0/1)cc=1.10654e+21
bc(1/1/0/0/0/0/0/0/1)cc=3.12068e+17
bc(0/0/1/0/0/0/0/0/1)cc=4.28912e+13
bc(1/0/1/0/0/0/0/0/1)cc=6.79704e+21
bc(1/1/1/0/0/0/0/0/1)cc=8.18814e+19
bc(0/0/0/1/0/0/0/0/1)cc=3.01876e+19
bc(1/0/0/1/0/0/0/0/1)cc=3.63245e+21
bc(1/0/1/1/0/0/0/0/1)cc=1.23735e+13
bc(1/0/0/0/1/0/0/0/1)cc=2.53425e+19
bc(1/0/0/1/1/0/0/0/1)cc=2.47048e+19
bc(0/0/0/0/0/0/1/0/1)cc=1.3948e+22
bc(1/0/0/0/0/0/1/0/1)cc=2.64116e+20
bc(0/1/0/0/0/0/1/0/1)cc=5.44016e+15
bc(1/0/1/0/0/0/1/0/1)cc=1.05443e+21
bc(0/1/1/0/0/0/1/0/1)cc=3.35314e+14
bc(1/1/1/0/0/0/1/0/1)cc=3.15064e+17
bc(0/1/0/1/0/0/1/0/1)cc=5.79189e+15
bc(1/0/1/1/0/0/1/0/1)cc=7.6539e+20
bc(1/1/1/1/0/0/1/0/1)cc=3.0872e+17
bc(0/0/0/0/1/0/1/0/1)cc=1.62731e+20
bc(0/0/0/1/1/0/1/0/1)cc=7.12126e+17
bc(1/0/1/1/1/0/1/0/1)cc=3.82393e+18
bc(1/0/0/0/0/0/0/1/1)cc=5.80305e+19
bc(1/0/1/0/0/0/0/1/1)cc=8.11288e+21
bc(0/0/0/0/1/0/0/1/1)cc=6.8668e+26
bc(1/0/0/0/1/0/0/1/1)cc=2.71495e+20
bc(1/0/1/0/1/0/0/1/1)cc=8.25741e+18
bc(1/0/0/1/1/0/0/1/1)cc=3.36466e+18
bc(1/0/1/1/1/0/0/1/1)cc=2.7338e+20
bc(0/0/0/0/0/0/1/1/1)cc=8.02853e+20
bc(1/0/1/0/0/0/1/1/1)cc=1.82008e+19
bc(1/0/1/1/0/0/1/1/1)cc=6.23527e+20
bc(1/0/0/0/1/0/1/1/1)cc=1.08266e+20
bc(1/0/1/0/1/0/1/1/1)cc=1.16357e+20
bc(0/0/0/1/1/0/1/1/1)cc=6.91581e+21
bc(1/0/0/1/1/0/1/1/1)cc=1.9033e+18
bc(1/0/1/1/1/0/1/1/1)cc=1.66696e+28
bc(1/1/1/1/1/0/1/1/1)cc=2.58848e+23
bc(1/0/1/1/1/1/1/1/1)cc=3191.54
bc(1/1/1/1/1/1/1/1/1)cc=1.78115e+18
