h(,0):,heur is GAPDB,mutation_rate:1.0000000,size=2000000,without disjoint patterns
h(,1):,lmcut
h(,2):,heur is GAPDB,mutation_rate:0.4000000,size=2000000,with disjoint patterns
h(,3):,heur is GAPDB,mutation_rate:0.3000000,size=2000000,with disjoint patterns
h(,4):,ipdb
h(,5):,heur is GAPDB,mutation_rate:0.2000000,size=2000000,without disjoint patterns
bc(1/0/0/0/0/0)cc=4.21549e+21
bc(0/0/1/0/0/0)cc=6.20059e+20
bc(1/0/1/0/0/0)cc=1.50871e+20
bc(0/0/0/1/0/0)cc=2.91764e+22
bc(1/0/0/1/0/0)cc=2.85861e+22
bc(0/1/0/1/0/0)cc=1.17504e+20
bc(0/0/1/1/0/0)cc=1.33187e+22
bc(1/0/1/1/0/0)cc=1.18373e+22
bc(1/1/1/1/0/0)cc=4.71789e+21
bc(0/0/0/0/1/0)cc=1.10814e+24
bc(1/0/0/0/1/0)cc=1.63892e+20
bc(0/1/0/0/1/0)cc=1.15397e+19
bc(0/0/1/0/1/0)cc=2.37172e+23
bc(1/0/1/0/1/0)cc=6.88231e+19
bc(0/1/1/0/1/0)cc=9.91909e+17
bc(1/1/1/0/1/0)cc=1.56219e+16
bc(0/0/0/1/1/0)cc=1.06207e+20
bc(0/0/1/1/1/0)cc=9.28743e+21
bc(1/0/1/1/1/0)cc=1.87866e+22
bc(0/1/1/1/1/0)cc=4.5611e+21
bc(1/1/1/1/1/0)cc=1.09552e+22
bc(0/0/0/0/0/1)cc=3.81104e+23
bc(1/0/0/0/0/1)cc=3.78777e+21
bc(0/0/1/0/0/1)cc=5.78131e+21
bc(1/0/1/0/0/1)cc=1.29984e+20
bc(1/1/1/0/0/1)cc=2.58598e+21
bc(0/0/0/1/0/1)cc=6.4723e+20
bc(1/0/0/1/0/1)cc=3.06788e+20
bc(0/1/0/1/0/1)cc=8.91037e+18
bc(1/1/0/1/0/1)cc=2.64911e+19
bc(0/0/1/1/0/1)cc=9.16401e+22
bc(1/0/1/1/0/1)cc=5.21736e+22
bc(0/1/1/1/0/1)cc=5.15226e+17
bc(1/1/1/1/0/1)cc=5.30808e+21
bc(0/0/0/0/1/1)cc=1.98639e+22
bc(1/0/0/0/1/1)cc=4.22523e+20
bc(0/0/1/0/1/1)cc=6.96601e+21
bc(1/0/1/0/1/1)cc=5.99884e+21
bc(0/1/1/0/1/1)cc=1.42545e+20
bc(1/1/1/0/1/1)cc=2.69393e+21
bc(0/0/0/1/1/1)cc=2.00551e+18
bc(1/0/0/1/1/1)cc=1.73575e+20
bc(0/1/0/1/1/1)cc=1.04709e+17
bc(1/1/0/1/1/1)cc=1.1259e+15
bc(0/0/1/1/1/1)cc=4.56125e+22
bc(1/0/1/1/1/1)cc=1.46376e+22
bc(0/1/1/1/1/1)cc=9.26651e+21
bc(1/1/1/1/1/1)cc=1.88518e+22
