h(,0):,heur is GAPDB,mutation_rate:0.4000000,size=2000000,with disjoint patterns
h(,1):,heur is GAPDB,mutation_rate:0.2000000,size=2000000,without disjoint patterns
h(,2):,heur is GAPDB,mutation_rate:0.3000000,size=2000000,with disjoint patterns
h(,3):,heur is GAPDB,mutation_rate:1.0000000,size=2000000,without disjoint patterns
h(,4):,heur is GAPDB,mutation_rate:0.9000000,size=2000000,with disjoint patterns
h(,5):,ipdb
h(,6):,lmcut
bc(1/0/0/0/0/0/0)cc=3.629e+25
bc(1/1/0/0/0/0/0)cc=1.50628e+22
bc(0/0/1/0/0/0/0)cc=1.37167e+19
bc(0/0/0/1/0/0/0)cc=4.62311e+26
bc(1/0/0/1/0/0/0)cc=5.89914e+25
bc(1/0/1/1/0/0/0)cc=2.15078e+18
bc(0/0/0/0/1/0/0)cc=2.69185e+23
bc(1/0/0/0/1/0/0)cc=2.02447e+22
bc(0/1/0/0/1/0/0)cc=5.68349e+19
bc(1/1/0/0/1/0/0)cc=2.26042e+23
bc(0/0/1/0/1/0/0)cc=6.53355e+18
bc(1/0/1/0/1/0/0)cc=2.25962e+23
bc(0/1/1/0/1/0/0)cc=1.50771e+22
bc(1/1/1/0/1/0/0)cc=7.53818e+22
bc(0/0/0/1/1/0/0)cc=3.32076e+21
bc(1/0/0/1/1/0/0)cc=7.15041e+23
bc(0/1/0/1/1/0/0)cc=6.45571e+20
bc(1/1/0/1/1/0/0)cc=7.2217e+23
bc(1/0/1/1/1/0/0)cc=1.79232e+17
bc(0/1/1/1/1/0/0)cc=3.63638e+19
bc(1/1/1/1/1/0/0)cc=1.20714e+20
bc(1/0/0/1/0/1/0)cc=7.16927e+17
bc(1/0/1/1/0/1/0)cc=5.10571e+22
bc(0/0/0/0/1/1/0)cc=1.65514e+21
bc(0/1/0/0/1/1/0)cc=8.31874e+20
bc(1/1/0/0/1/1/0)cc=1.36844e+19
bc(0/0/1/0/1/1/0)cc=2.78108e+21
bc(1/0/1/0/1/1/0)cc=6.1599e+18
bc(0/1/1/0/1/1/0)cc=1.50863e+22
bc(1/1/1/0/1/1/0)cc=1.2143e+23
bc(0/0/0/1/1/1/0)cc=3.75557e+18
bc(1/0/0/1/1/1/0)cc=1.71382e+16
bc(0/1/0/1/1/1/0)cc=1.52666e+19
bc(1/1/0/1/1/1/0)cc=4.64788e+23
bc(0/0/1/1/1/1/0)cc=4.29056e+20
bc(1/0/1/1/1/1/0)cc=4.30584e+23
bc(0/1/1/1/1/1/0)cc=2.31384e+19
bc(1/1/1/1/1/1/0)cc=2.53212e+23
bc(0/1/0/0/1/0/1)cc=2.51138e+21
bc(1/0/1/0/1/0/1)cc=1.2242e+17
bc(0/1/1/0/1/0/1)cc=1.0232e+21
bc(1/1/1/0/1/0/1)cc=4.19593e+20
bc(0/0/0/1/1/0/1)cc=1.09092e+20
bc(1/0/0/1/1/0/1)cc=1.3666e+17
bc(0/1/0/1/1/0/1)cc=2.52714e+18
bc(1/1/0/1/1/0/1)cc=1.02662e+22
bc(1/1/1/1/1/0/1)cc=4.28799e+20
bc(0/1/0/0/1/1/1)cc=1.71108e+17
bc(0/0/1/0/1/1/1)cc=3.9604e+20
bc(1/0/1/0/1/1/1)cc=3.94865e+16
bc(0/1/1/0/1/1/1)cc=4.4811e+17
bc(1/1/1/0/1/1/1)cc=6.80262e+20
bc(0/1/0/1/1/1/1)cc=3.021e+19
bc(1/1/0/1/1/1/1)cc=6.29761e+22
bc(0/0/1/1/1/1/1)cc=2.56894e+18
bc(1/0/1/1/1/1/1)cc=2.52714e+18
bc(0/1/1/1/1/1/1)cc=1.99202e+20
bc(1/1/1/1/1/1/1)cc=1.87408e+23
