h(,0):,heur is GAPDB,mutation_rate:1.0000000,size=2000000,without disjoint patterns
h(,1):,heur is GAPDB,mutation_rate:0.4000000,size=2000000,with disjoint patterns
h(,2):,heur is GAPDB,mutation_rate:0.3000000,size=2000000,with disjoint patterns
h(,3):,lmcut
h(,4):,ipdb
h(,5):,heur is GAPDB,mutation_rate:0.2000000,size=2000000,without disjoint patterns
bc(1/0/0/0/0/0)cc=3.05364e+64
bc(0/1/0/0/0/0)cc=5.59937e+65
bc(1/1/0/0/0/0)cc=1.00877e+62
bc(0/0/1/0/0/0)cc=1.12901e+61
bc(1/0/1/0/0/0)cc=3.71868e+59
bc(0/1/1/0/0/0)cc=1.51581e+60
bc(1/1/1/0/0/0)cc=4.13013e+58
bc(0/0/0/0/1/0)cc=2.48544e+55
bc(1/0/0/0/1/0)cc=1.6363e+55
bc(0/1/0/0/1/0)cc=3.91723e+54
bc(1/1/0/0/1/0)cc=1.55018e+55
bc(0/0/1/0/1/0)cc=3.30213e+54
bc(1/0/1/0/1/0)cc=2.82152e+55
bc(0/1/1/0/1/0)cc=7.9219e+53
bc(1/1/1/0/1/0)cc=1.49284e+55
bc(1/1/0/1/1/0)cc=2.9444e+43
bc(0/1/1/1/1/0)cc=4.83737e+45
bc(1/1/1/1/1/0)cc=5.80463e+49
bc(0/0/0/0/0/1)cc=9.75417e+60
bc(1/0/0/0/0/1)cc=1.93767e+59
bc(0/1/0/0/0/1)cc=1.81133e+57
bc(1/1/0/0/0/1)cc=5.76529e+57
bc(0/0/1/0/0/1)cc=1.02063e+59
bc(1/0/1/0/0/1)cc=6.81e+55
bc(0/1/1/0/0/1)cc=1.88511e+57
bc(1/1/1/0/0/1)cc=1.90845e+57
bc(0/0/0/0/1/1)cc=3.42129e+54
bc(1/0/0/0/1/1)cc=1.62371e+54
bc(0/1/0/0/1/1)cc=4.59609e+51
bc(1/1/0/0/1/1)cc=1.95332e+54
bc(0/0/1/0/1/1)cc=9.25425e+53
bc(1/0/1/0/1/1)cc=1.97124e+51
bc(0/1/1/0/1/1)cc=1.81574e+53
bc(1/1/1/0/1/1)cc=2.88136e+54
bc(0/0/0/1/1/1)cc=1.43442e+44
bc(1/0/0/1/1/1)cc=7.17211e+43
bc(0/1/0/1/1/1)cc=2.9444e+43
bc(1/1/0/1/1/1)cc=1.6358e+50
bc(0/0/1/1/1/1)cc=1.0866e+49
bc(0/1/1/1/1/1)cc=8.42832e+48
bc(1/1/1/1/1/1)cc=1.55188e+52
